-2.7547e-05,-0.00090828,-0.0014084,0.00074111,-0.00041064,0.00076526,-0.00014761,0.00030463,-0.0010381,0.0014279,-0.00098055,-3.3907e-05,0.00027355,1.1923e-05,0.00032327,0.00010993,0.0010109,-0.0001331,0.0016761,0.00047746,0.0035461,1575.2
-5.5095e-05,-0.0018166,-0.0028167,0.0014822,-0.00082129,0.0015305,-0.00029522,0.00060925,-0.0020762,0.0028557,-0.0019611,-6.7814e-05,0.00054711,2.3846e-05,0.00064654,0.00021987,0.0020218,-0.00026619,0.0033522,0.00095491,0.0070922,1558.6
-8.2642e-05,-0.0027248,-0.0042251,0.0022233,-0.0012319,0.0022958,-0.00044283,0.00091388,-0.0031143,0.0042836,-0.0029416,-0.00010172,0.00082066,3.5769e-05,0.00096981,0.0003298,0.0030326,-0.00039929,0.0050283,0.0014324,0.010638,1542.5
0.00029897,-0.0034336,-0.00409,0.0014942,-0.0016036,0.0033775,0.00055821,0.00086853,-0.0037206,0.0038846,-0.0016949,-0.00056467,0.00074013,0.00048228,0.00076164,0.0014558,0.0022821,0.0014318,0.0060238,0.00084541,0.011214,1526.9
0.00027143,-0.0043418,-0.0054984,0.0022353,-0.0020143,0.0041428,0.0004106,0.0011732,-0.0047587,0.0053125,-0.0026755,-0.00059858,0.0010137,0.0004942,0.0010849,0.0015658,0.003293,0.0012987,0.0076999,0.0013229,0.014621,1511.6
0.0002686,-0.0055798,-0.0053325,0.0021385,-0.0027553,0.0025999,0.00081002,0.0016178,-0.0043051,0.0045247,-0.0026333,-0.00075263,0.00041462,0.0021069,0.0025244,0.0024271,0.0038428,0.00084285,0.0078321,0.0020748,0.015045,1496.6
0.00065022,-0.0062885,-0.0051974,0.0014094,-0.003127,0.0036817,0.0018111,0.0015725,-0.0049113,0.0041257,-0.0013866,-0.0012156,0.00033409,0.0025534,0.0023162,0.0035532,0.0030922,0.002674,0.0088277,0.0014878,0.01625,1481.5
0.00062267,-0.0071968,-0.0066058,0.0021505,-0.0035376,0.0044469,0.0016634,0.0018771,-0.0059494,0.0055536,-0.0023671,-0.0012495,0.00060764,0.0025653,0.0026395,0.0036631,0.0041031,0.0025409,0.010504,0.0019653,0.019423,1466.7
0.00061984,-0.0084348,-0.0064399,0.0020537,-0.0042786,0.002904,0.0020629,0.0023217,-0.0054958,0.0047658,-0.002325,-0.0014035,8.5777e-06,0.004178,0.004079,0.0045245,0.0046529,0.002085,0.010636,0.0027172,0.020371,1452.1
0.0010015,-0.0091435,-0.0063049,0.0013246,-0.0046503,0.0039858,0.0030639,0.0022764,-0.0061021,0.0043668,-0.0010783,-0.0018665,-7.1953e-05,0.0046245,0.0038708,0.0056506,0.0039024,0.0039161,0.011632,0.0021302,0.02186,1437.5
0.00097391,-0.010052,-0.0077132,0.0020657,-0.0050609,0.0047511,0.0029163,0.002581,-0.0071402,0.0057947,-0.0020588,-0.0019004,0.0002016,0.0046364,0.0041941,0.0057605,0.0049132,0.003783,0.013308,0.0026077,0.024823,1423.2
0.00097109,-0.01129,-0.0075473,0.0019689,-0.0058019,0.0032082,0.0033157,0.0030257,-0.0066866,0.0050069,-0.0020167,-0.0020544,-0.00039746,0.0062491,0.0056336,0.0066219,0.005463,0.0033271,0.01344,0.0033596,0.026058,1409.2
0.0013527,-0.011999,-0.0074123,0.0012398,-0.0061736,0.0042899,0.0043168,0.0029803,-0.0072928,0.0046079,-0.00076995,-0.0025174,-0.00047799,0.0066957,0.0054254,0.0077479,0.0047125,0.0051583,0.014435,0.0027727,0.027696,1395.1
0.0013252,-0.012907,-0.0088206,0.0019809,-0.0065843,0.0050552,0.0041691,0.0032849,-0.0083309,0.0060358,-0.0017505,-0.0025513,-0.00020444,0.0067076,0.0057487,0.0078578,0.0057234,0.0050252,0.016111,0.0032501,0.030505,1381.3
0.0013223,-0.014145,-0.0086548,0.0018841,-0.0073253,0.0035123,0.0045686,0.0037296,-0.0078774,0.005248,-0.0017084,-0.0027053,-0.0008035,0.0083203,0.0071882,0.0087192,0.0062732,0.0045693,0.016244,0.004002,0.031915,1367.7
0.0017039,-0.014853,-0.0085197,0.0011549,-0.007697,0.0045941,0.0055696,0.0036842,-0.0084836,0.0048491,-0.00046163,-0.0031683,-0.00088403,0.0087668,0.00698,0.0098453,0.0055226,0.0064004,0.017239,0.0034151,0.033641,1354.1
0.0016764,-0.015762,-0.009928,0.0018961,-0.0081076,0.0053593,0.005422,0.0039889,-0.0095217,0.0062769,-0.0014422,-0.0032022,-0.00061048,0.0087787,0.0073033,0.0099552,0.0065335,0.0062673,0.018915,0.0038925,0.036337,1340.8
0.0016736,-0.017,-0.0097622,0.0017993,-0.0088486,0.0038164,0.0058214,0.0044335,-0.0090681,0.0054892,-0.0014,-0.0033563,-0.0012095,0.010391,0.0087427,0.010817,0.0070833,0.0058114,0.019048,0.0046444,0.037862,1327.8
0.0020552,-0.017708,-0.0096271,0.0010701,-0.0092203,0.0048982,0.0068224,0.0043882,-0.0096744,0.0050902,-0.00015331,-0.0038192,-0.0012901,0.010838,0.0085346,0.011943,0.0063328,0.0076426,0.020043,0.0040575,0.039647,1314.7
0.0020276,-0.018617,-0.011035,0.0018112,-0.009631,0.0056635,0.0066748,0.0046928,-0.010712,0.006518,-0.0011339,-0.0038531,-0.0010165,0.01085,0.0088579,0.012053,0.0073436,0.0075095,0.021719,0.0045349,0.042257,1301.9
0.0020248,-0.019855,-0.01087,0.0017145,-0.010372,0.0041206,0.0070743,0.0051374,-0.010259,0.0057303,-0.0010917,-0.0040072,-0.0016156,0.012463,0.010297,0.012914,0.0078934,0.0070536,0.021851,0.0052869,0.043863,1289.3
0.0024064,-0.020563,-0.010734,0.00098532,-0.010744,0.0052023,0.0080753,0.0050921,-0.010865,0.0053313,0.00015501,-0.0044701,-0.0016961,0.012909,0.010089,0.01404,0.0071429,0.0088847,0.022847,0.0046999,0.045688,1276.7
0.0023789,-0.021472,-0.012143,0.0017264,-0.011154,0.0059676,0.0079277,0.0053967,-0.011903,0.0067591,-0.00082553,-0.004504,-0.0014226,0.012921,0.010412,0.01415,0.0081538,0.0087516,0.024523,0.0051774,0.048232,1264.4
0.0023761,-0.02271,-0.011977,0.0016297,-0.011895,0.0044247,0.0083271,0.0058414,-0.01145,0.0059714,-0.0007834,-0.0046581,-0.0020216,0.014534,0.011852,0.015011,0.0087036,0.0082957,0.024655,0.0059293,0.049898,1252.4
0.0027577,-0.023418,-0.011842,0.00090051,-0.012267,0.0055064,0.0093281,0.005796,-0.012056,0.0055724,0.00046333,-0.005121,-0.0021022,0.01498,0.011644,0.016137,0.007953,0.010127,0.025651,0.0053423,0.051754,1240.3
0.0027301,-0.024327,-0.01325,0.0016416,-0.012678,0.0062717,0.0091805,0.0061006,-0.013094,0.0070003,-0.00051721,-0.0051549,-0.0018286,0.014992,0.011967,0.016247,0.0089639,0.0099938,0.027327,0.0058198,0.054245,1228.5
0.0027273,-0.025565,-0.013084,0.0015449,-0.013419,0.0047288,0.0095799,0.0065453,-0.01264,0.0062125,-0.00047508,-0.005309,-0.0024277,0.016605,0.013407,0.017109,0.0095137,0.0095379,0.027459,0.0065717,0.055957,1216.9
0.0031089,-0.026273,-0.012949,0.0008157,-0.01379,0.0058106,0.010581,0.0064999,-0.013247,0.0058135,0.00077165,-0.0057719,-0.0025082,0.017051,0.013198,0.018235,0.0087631,0.011369,0.028455,0.0059847,0.057835,1205.3
0.0030814,-0.027182,-0.014358,0.0015568,-0.014201,0.0065758,0.010433,0.0068046,-0.014285,0.0072414,-0.00020889,-0.0058058,-0.0022346,0.017063,0.013522,0.018345,0.009774,0.011236,0.030131,0.0064622,0.060284,1194
0.0027138,-0.02476,-0.015178,0.0024711,-0.013359,0.0057896,0.010816,0.0068606,-0.014731,0.0068425,-0.00060779,-0.0057559,-0.0021491,0.017707,0.014365,0.019119,0.0096324,0.01222,0.030715,0.0063934,0.060388,1183
0.002711,-0.025998,-0.015012,0.0023743,-0.0141,0.0042467,0.011216,0.0073052,-0.014278,0.0060548,-0.00056565,-0.0059099,-0.0027481,0.01932,0.015804,0.019981,0.010182,0.011764,0.030847,0.0071453,0.062133,1171.9
0.0030926,-0.026706,-0.014877,0.0016452,-0.014471,0.0053284,0.012217,0.0072599,-0.014884,0.0056558,0.00068108,-0.0063729,-0.0028287,0.019767,0.015596,0.021107,0.0094317,0.013595,0.031842,0.0065583,0.064026,1160.8
0.003065,-0.027615,-0.016285,0.0023863,-0.014882,0.0060937,0.012069,0.0075645,-0.015922,0.0070836,-0.00029947,-0.0064068,-0.0025551,0.019779,0.015919,0.021217,0.010443,0.013462,0.033518,0.0070358,0.066436,1150
0.0026975,-0.025193,-0.017106,0.0033005,-0.01404,0.0053074,0.012452,0.0076206,-0.016369,0.0066848,-0.00069836,-0.0063568,-0.0024696,0.020423,0.016763,0.021991,0.010301,0.014446,0.034102,0.0069669,0.066719,1139.4
0.0026947,-0.026431,-0.01694,0.0032038,-0.014781,0.0037645,0.012852,0.0080652,-0.015915,0.005897,-0.00065623,-0.0065109,-0.0030686,0.022035,0.018202,0.022853,0.010851,0.01399,0.034234,0.0077189,0.068487,1128.9
0.0027621,-0.026211,-0.016874,0.0037383,-0.015581,0.0035003,0.012292,0.0078165,-0.015813,0.0062554,0.00081174,-0.0063932,-0.0022953,0.020081,0.019525,0.024333,0.010603,0.013366,0.034304,0.0078727,0.068578,1118.3
0.0031437,-0.02692,-0.016739,0.0030092,-0.015953,0.0045821,0.013293,0.0077712,-0.016419,0.0058564,0.0020585,-0.0068562,-0.0023758,0.020528,0.019317,0.025459,0.0098529,0.015197,0.0353,0.0072857,0.070477,1107.9
0.0031162,-0.027828,-0.018148,0.0037503,-0.016364,0.0053473,0.013145,0.0080758,-0.017457,0.0072843,0.0010779,-0.0068901,-0.0021023,0.02054,0.01964,0.025569,0.010864,0.015064,0.036976,0.0077632,0.072846,1097.6
0.0027486,-0.025406,-0.018968,0.0046645,-0.015521,0.004561,0.013528,0.0081318,-0.017904,0.0068854,0.00067903,-0.0068401,-0.0020167,0.021184,0.020483,0.026344,0.010722,0.016048,0.03756,0.0076943,0.073277,1087.5
0.0027458,-0.026644,-0.018802,0.0045678,-0.016262,0.0030182,0.013928,0.0085765,-0.01745,0.0060976,0.00072116,-0.0069942,-0.0026158,0.022797,0.021923,0.027205,0.011272,0.015592,0.037692,0.0084463,0.075057,1077.5
0.0028133,-0.026424,-0.018736,0.0051023,-0.017063,0.0027539,0.013367,0.0083278,-0.017347,0.006456,0.0021891,-0.0068766,-0.0018424,0.020843,0.023246,0.028686,0.011025,0.014968,0.037762,0.0086001,0.075308,1067.4
0.0031949,-0.027133,-0.018601,0.0043731,-0.017434,0.0038357,0.014368,0.0082825,-0.017954,0.006057,0.0034359,-0.0073395,-0.001923,0.021289,0.023038,0.029812,0.010274,0.016799,0.038758,0.0080131,0.077204,1057.5
0.004428,-0.026434,-0.018073,0.0040903,-0.017285,0.0048595,0.014906,0.0082631,-0.018179,0.0058963,0.0033058,-0.0072713,-0.0020057,0.02121,0.023076,0.029953,0.01017,0.016766,0.038489,0.010951,0.077285,1047.7
0.0044004,-0.027342,-0.019481,0.0048315,-0.017696,0.0056248,0.014758,0.0085678,-0.019217,0.0073241,0.0023253,-0.0073052,-0.0017321,0.021222,0.0234,0.030062,0.011181,0.016633,0.040165,0.011428,0.07961,1038.6
0.0042534,-0.027355,-0.019609,0.0039712,-0.016769,0.0059259,0.015416,0.0085308,-0.019478,0.0063861,0.0029347,-0.0067396,-0.00092675,0.02072,0.023659,0.030053,0.013937,0.016835,0.039836,0.011179,0.079689,1029
0.0038859,-0.024934,-0.020429,0.0048855,-0.015927,0.0051396,0.015799,0.0085868,-0.019925,0.0059872,0.0025358,-0.0066897,-0.00084118,0.021365,0.024503,0.030827,0.013795,0.017819,0.04042,0.011111,0.080239,1019.4
0.0038831,-0.026171,-0.020263,0.0047887,-0.016668,0.0035967,0.016198,0.0090314,-0.019471,0.0051994,0.002578,-0.0068437,-0.0014402,0.022977,0.025942,0.031689,0.014345,0.017363,0.040552,0.011862,0.082022,1009.9
0.0039505,-0.025952,-0.020198,0.0053233,-0.017468,0.0033325,0.015638,0.0087828,-0.019368,0.0055578,0.0040459,-0.0067261,-0.00066691,0.021023,0.027265,0.033169,0.014098,0.016739,0.040622,0.012016,0.082404,1000.3
0.0043321,-0.02666,-0.020063,0.0045941,-0.01784,0.0044143,0.016639,0.0087374,-0.019974,0.0051588,0.0052927,-0.007189,-0.00074744,0.02147,0.027057,0.034295,0.013347,0.01857,0.041617,0.011429,0.08429,990.93
0.0055652,-0.025962,-0.019534,0.0043113,-0.017691,0.0054381,0.017177,0.0087181,-0.0202,0.0049981,0.0051626,-0.0071208,-0.00083016,0.02139,0.027096,0.034436,0.013243,0.018537,0.041348,0.014367,0.084513,981.62
0.0034451,-0.025621,-0.017232,0.004453,-0.018086,0.0055015,0.017911,0.0093905,-0.020674,0.0055489,0.0050129,-0.0071352,-0.00037294,0.021346,0.027071,0.034229,0.013403,0.018496,0.042078,0.014725,0.084588,972.98
0.0034175,-0.026529,-0.018641,0.0051941,-0.018497,0.0062668,0.017763,0.0096951,-0.021713,0.0069768,0.0040323,-0.0071691,-9.9384e-05,0.021358,0.027395,0.034338,0.014414,0.018363,0.043754,0.015203,0.086861,963.88
0.0032705,-0.026543,-0.018768,0.0043339,-0.01757,0.0065679,0.01842,0.0096581,-0.021973,0.0060387,0.0046418,-0.0066035,0.00070599,0.020857,0.027655,0.034329,0.01717,0.018565,0.043425,0.014954,0.087078,954.81
0.002903,-0.024121,-0.019589,0.0052482,-0.016728,0.0057816,0.018804,0.0097142,-0.02242,0.0056398,0.0042429,-0.0065536,0.00079156,0.021501,0.028498,0.035103,0.017028,0.019549,0.044008,0.014885,0.087726,945.73
0.0029001,-0.025359,-0.019423,0.0051514,-0.017469,0.0042387,0.019203,0.010159,-0.021966,0.0048521,0.004285,-0.0067076,0.00019249,0.023113,0.029937,0.035965,0.017578,0.019093,0.044141,0.015637,0.089499,936.66
0.0027563,-0.024988,-0.018568,0.0040644,-0.017672,0.0047136,0.017972,0.0079927,-0.02169,0.0056027,0.0034073,-0.0061522,-0.00040762,0.023674,0.030557,0.03682,0.018104,0.019504,0.044287,0.015402,0.08957,927.6
0.0028237,-0.024768,-0.018502,0.0045989,-0.018472,0.0044494,0.017412,0.0077441,-0.021587,0.0059611,0.0048752,-0.0060346,0.00036571,0.02172,0.03188,0.0383,0.017857,0.018879,0.044357,0.015556,0.09006,918.65
0.0032054,-0.025476,-0.018367,0.0038698,-0.018844,0.0055311,0.018413,0.0076987,-0.022193,0.0055621,0.006122,-0.0064975,0.00028518,0.022167,0.031672,0.039427,0.017106,0.02071,0.045353,0.014969,0.091925,909.79
0.0044385,-0.024778,-0.017839,0.003587,-0.018695,0.0065549,0.01895,0.0076794,-0.022419,0.0054014,0.0059919,-0.0064293,0.00020246,0.022088,0.03171,0.039567,0.017002,0.020678,0.045084,0.017907,0.092267,900.97
0.0023183,-0.024437,-0.015537,0.0037287,-0.01909,0.0066184,0.019684,0.0083518,-0.022894,0.0059522,0.0058421,-0.0064437,0.00065968,0.022043,0.031686,0.03936,0.017162,0.020637,0.045813,0.018265,0.092471,892.83
0.0022907,-0.025345,-0.016945,0.0044698,-0.0195,0.0073837,0.019536,0.0086564,-0.023932,0.0073801,0.0048616,-0.0064776,0.00093324,0.022055,0.032009,0.03947,0.018173,0.020504,0.047489,0.018743,0.094688,884.24
0.0021438,-0.025359,-0.017073,0.0036095,-0.018574,0.0076848,0.020194,0.0086194,-0.024192,0.006442,0.0054711,-0.005912,0.0017386,0.021554,0.032269,0.03946,0.020929,0.020706,0.04716,0.018494,0.09502,875.66
0.0017762,-0.022937,-0.017893,0.0045238,-0.017731,0.0068985,0.020577,0.0086755,-0.024639,0.0060431,0.0050722,-0.0058621,0.0018242,0.022198,0.033112,0.040235,0.020787,0.02169,0.047744,0.018425,0.095745,867.09
0.0017734,-0.024175,-0.017727,0.004427,-0.018472,0.0053556,0.020976,0.0091201,-0.024185,0.0052554,0.0051143,-0.0060161,0.0012251,0.023811,0.034552,0.041096,0.021337,0.021234,0.047876,0.019177,0.097502,858.51
0.0016295,-0.023804,-0.016872,0.00334,-0.018675,0.0058305,0.019745,0.006954,-0.023909,0.006006,0.0042365,-0.0054607,0.000625,0.024372,0.035171,0.041951,0.021863,0.021644,0.048022,0.018942,0.097695,849.95
0.001697,-0.023584,-0.016807,0.0038746,-0.019476,0.0055662,0.019185,0.0067054,-0.023806,0.0063644,0.0057045,-0.005343,0.0013983,0.022417,0.036494,0.043432,0.021615,0.02102,0.048092,0.019096,0.098272,841.51
0.0020786,-0.024293,-0.016672,0.0031454,-0.019847,0.006648,0.020186,0.00666,-0.024413,0.0059654,0.0069512,-0.005806,0.0013178,0.022864,0.036286,0.044558,0.020865,0.022851,0.049088,0.018509,0.10011,833.14
0.0033117,-0.023594,-0.016143,0.0028626,-0.019698,0.0076718,0.020724,0.0066407,-0.024638,0.0058047,0.0068212,-0.0057378,0.0012351,0.022785,0.036325,0.044699,0.020761,0.022819,0.048819,0.021447,0.10055,824.83
0.0011915,-0.023253,-0.013841,0.0030043,-0.020094,0.0077353,0.021457,0.0073131,-0.025113,0.0063555,0.0066714,-0.0057522,0.0016923,0.02274,0.036301,0.044491,0.020921,0.022778,0.049548,0.021805,0.10086,817.19
0.001164,-0.024162,-0.01525,0.0037454,-0.020504,0.0085005,0.02131,0.0076177,-0.026151,0.0077834,0.0056909,-0.0057861,0.0019659,0.022752,0.036624,0.044601,0.021932,0.022645,0.051224,0.022283,0.10302,809.1
0.001017,-0.024175,-0.015377,0.0028852,-0.019577,0.0088017,0.021967,0.0075807,-0.026411,0.0068453,0.0063003,-0.0052205,0.0027712,0.022251,0.036884,0.044591,0.024688,0.022846,0.050895,0.022034,0.10345,801.02
0.00064941,-0.021753,-0.016198,0.0037995,-0.018735,0.0080154,0.02235,0.0076368,-0.026858,0.0064464,0.0059015,-0.0051706,0.0028568,0.022895,0.037727,0.045366,0.024546,0.02383,0.051479,0.021965,0.10423,792.94
0.00064659,-0.022991,-0.016032,0.0037027,-0.019476,0.0064725,0.02275,0.0080814,-0.026404,0.0056587,0.0059436,-0.0053246,0.0022577,0.024508,0.039166,0.046227,0.025096,0.023374,0.051611,0.022717,0.10597,784.87
0.00050273,-0.02262,-0.015177,0.0026157,-0.019679,0.0069473,0.021519,0.0059154,-0.026128,0.0064093,0.0050658,-0.0047692,0.0016576,0.025069,0.039786,0.047083,0.025621,0.023785,0.051758,0.022482,0.10626,776.81
0.00057019,-0.0224,-0.015111,0.0031502,-0.020479,0.0066831,0.020958,0.0056667,-0.026025,0.0067677,0.0065338,-0.0046515,0.0024309,0.023115,0.041109,0.048563,0.025374,0.02316,0.051828,0.022636,0.10691,768.86
0.00095181,-0.023109,-0.014976,0.0024211,-0.020851,0.0077649,0.02196,0.0056213,-0.026632,0.0063687,0.0077805,-0.0051145,0.0023504,0.023561,0.040901,0.049689,0.024624,0.024992,0.052823,0.022049,0.10872,761
0.0010723,-0.023181,-0.014503,0.0038669,-0.020959,0.0083681,0.020644,0.0069227,-0.025691,0.0064425,0.0083077,-0.0037055,0.0017543,0.024034,0.040135,0.050375,0.025351,0.02601,0.052551,0.022167,0.10878,753.19
0.0023054,-0.022483,-0.013975,0.0035841,-0.02081,0.0093919,0.021182,0.0069034,-0.025917,0.0062818,0.0081777,-0.0036372,0.0016716,0.023954,0.040173,0.050516,0.025247,0.025977,0.052282,0.025104,0.1093,745.44
0.00018526,-0.022142,-0.011673,0.0037258,-0.021205,0.0094554,0.021916,0.0075758,-0.026391,0.0068326,0.0080279,-0.0036517,0.0021288,0.02391,0.040149,0.050309,0.025407,0.025936,0.053012,0.025462,0.1097,738.3
0.00015771,-0.02305,-0.013081,0.0044669,-0.021615,0.010221,0.021768,0.0078804,-0.027429,0.0082604,0.0070474,-0.0036856,0.0024024,0.023922,0.040472,0.050419,0.026418,0.025803,0.054688,0.02594,0.1118,730.7
1.0716e-05,-0.023064,-0.013209,0.0036067,-0.020689,0.010522,0.022426,0.0078434,-0.02769,0.0073224,0.0076568,-0.00312,0.0032077,0.02342,0.040732,0.050409,0.029174,0.026005,0.054359,0.025691,0.11231,723.13
-0.00035685,-0.020642,-0.014029,0.0045209,-0.019846,0.0097355,0.022809,0.0078995,-0.028137,0.0069235,0.0072579,-0.0030701,0.0032933,0.024065,0.041576,0.051184,0.029032,0.026989,0.054942,0.025622,0.11314,715.55
-0.00035967,-0.02188,-0.013863,0.0044242,-0.020587,0.0081926,0.023208,0.0083441,-0.027683,0.0061357,0.0073001,-0.0032241,0.0026942,0.025677,0.043015,0.052045,0.029582,0.026533,0.055075,0.026374,0.11485,707.98
-0.00050353,-0.021509,-0.013009,0.0033372,-0.02079,0.0086674,0.021977,0.006178,-0.027407,0.0068864,0.0064223,-0.0026687,0.0020941,0.026238,0.043634,0.0529,0.030108,0.026944,0.055221,0.02614,0.11523,700.42
-0.00043607,-0.021289,-0.012943,0.0038717,-0.021591,0.0084032,0.021417,0.0059294,-0.027304,0.0072448,0.0078903,-0.002551,0.0028675,0.024284,0.044958,0.054381,0.02986,0.026319,0.055291,0.026294,0.11594,692.97
-5.4455e-05,-0.021998,-0.012808,0.0031425,-0.021962,0.009485,0.022418,0.005884,-0.02791,0.0068458,0.009137,-0.003014,0.0027869,0.024731,0.044749,0.055507,0.02911,0.02815,0.056287,0.025707,0.11772,685.61
6.6057e-05,-0.02207,-0.012335,0.0045884,-0.02207,0.010088,0.021103,0.0071854,-0.02697,0.0069195,0.0096642,-0.001605,0.0021908,0.025203,0.043983,0.056193,0.029837,0.029168,0.056015,0.025824,0.11788,678.29
0.0012992,-0.021371,-0.011807,0.0043056,-0.021921,0.011112,0.02164,0.0071661,-0.027196,0.0067588,0.0095342,-0.0015367,0.0021081,0.025124,0.044022,0.056334,0.029733,0.029136,0.055746,0.028762,0.11846,671.04
-0.00082101,-0.021031,-0.0095048,0.0044472,-0.022316,0.011175,0.022374,0.0078385,-0.02767,0.0073096,0.0093844,-0.0015511,0.0025653,0.02508,0.043998,0.056126,0.029893,0.029095,0.056475,0.02912,0.11894,664.4
-0.00084855,-0.021939,-0.010913,0.0051884,-0.022727,0.011941,0.022227,0.0081431,-0.028708,0.0087375,0.0084039,-0.001585,0.0028389,0.025092,0.044321,0.056236,0.030904,0.028962,0.058151,0.029597,0.12098,657.31
-0.00099554,-0.021953,-0.011041,0.0043281,-0.0218,0.012242,0.022884,0.0081061,-0.028969,0.0077994,0.0090133,-0.0010195,0.0036442,0.02459,0.044581,0.056227,0.03366,0.029164,0.057822,0.029348,0.12155,650.23
-0.0013631,-0.019531,-0.011861,0.0052424,-0.020958,0.011456,0.023267,0.0081621,-0.029415,0.0074005,0.0086144,-0.00096954,0.0037298,0.025234,0.045424,0.057001,0.033519,0.030148,0.058406,0.029279,0.12243,643.16
-0.0013659,-0.020769,-0.011695,0.0051456,-0.021699,0.0099127,0.023667,0.0086068,-0.028962,0.0066128,0.0086566,-0.0011236,0.0031308,0.026847,0.046864,0.057863,0.034068,0.029692,0.058538,0.030031,0.12411,636.08
-0.0022994,-0.021137,-0.012329,0.0052377,-0.020987,0.010159,0.024406,0.0078795,-0.026566,0.006219,0.0087587,-0.00066444,0.0027646,0.026176,0.04688,0.057482,0.033744,0.029802,0.060014,0.030642,0.12416,629.02
-0.0024433,-0.020766,-0.011474,0.0041507,-0.02119,0.010634,0.023175,0.0057134,-0.02629,0.0069696,0.007881,-0.00010899,0.0021645,0.026737,0.047499,0.058338,0.03427,0.030213,0.06016,0.030408,0.12462,622.04
-0.0023758,-0.020547,-0.011408,0.0046853,-0.02199,0.010369,0.022615,0.0054648,-0.026187,0.007328,0.0093489,8.6416e-06,0.0029378,0.024783,0.048822,0.059818,0.034023,0.029588,0.06023,0.030562,0.12537,615.1
-0.0019942,-0.021255,-0.011273,0.0039561,-0.022362,0.011451,0.023616,0.0054194,-0.026793,0.006929,0.010596,-0.00045431,0.0028573,0.025229,0.048614,0.060944,0.033272,0.031419,0.061226,0.029975,0.12712,608.23
-0.0018737,-0.021328,-0.010801,0.0054019,-0.022469,0.012054,0.022301,0.0067208,-0.025853,0.0070028,0.011123,0.00095469,0.0022612,0.025702,0.047848,0.06163,0.034,0.032437,0.060954,0.030092,0.12736,601.42
-0.00064059,-0.020629,-0.010272,0.0051191,-0.02232,0.013078,0.022838,0.0067015,-0.026079,0.0068421,0.010993,0.0010229,0.0021785,0.025623,0.047887,0.061771,0.033896,0.032405,0.060685,0.03303,0.128,594.67
-0.0027608,-0.020289,-0.0079701,0.0052608,-0.022715,0.013142,0.023572,0.0073739,-0.026553,0.0073929,0.010843,0.0010085,0.0026357,0.025578,0.047863,0.061564,0.034056,0.032364,0.061414,0.033388,0.12854,588.53
-0.0027883,-0.021197,-0.0093785,0.0060019,-0.023126,0.013907,0.023425,0.0076785,-0.027591,0.0088208,0.0098625,0.00097461,0.0029093,0.02559,0.048186,0.061674,0.035067,0.032231,0.06309,0.033866,0.13053,581.94
-0.0029353,-0.02121,-0.0095061,0.0051417,-0.022199,0.014208,0.024082,0.0076415,-0.027851,0.0078827,0.010472,0.0015402,0.0037146,0.025089,0.048446,0.061664,0.037823,0.032433,0.062762,0.033617,0.13116,575.36
-0.0033029,-0.018788,-0.010326,0.006056,-0.021357,0.013422,0.024465,0.0076975,-0.028298,0.0074838,0.010073,0.0015901,0.0038002,0.025733,0.049289,0.062439,0.037681,0.033417,0.063345,0.033548,0.13207,568.79
-0.0033057,-0.020026,-0.01016,0.0059592,-0.022098,0.011879,0.024865,0.0081422,-0.027845,0.006696,0.010115,0.0014361,0.0032011,0.027346,0.050729,0.0633,0.038231,0.032961,0.063477,0.0343,0.13372,562.21
-0.0042392,-0.020395,-0.010794,0.0060513,-0.021386,0.012125,0.025604,0.0074149,-0.025449,0.0063022,0.010217,0.0018952,0.002835,0.026674,0.050745,0.062919,0.037907,0.033071,0.064953,0.034911,0.13386,555.65
-0.004383,-0.020024,-0.0099392,0.0049643,-0.021589,0.0126,0.024373,0.0052489,-0.025173,0.0070529,0.0093396,0.0024507,0.0022349,0.027235,0.051364,0.063775,0.038432,0.033481,0.0651,0.034677,0.13438,549.17
-0.0043156,-0.019804,-0.0098736,0.0054988,-0.02239,0.012336,0.023813,0.0050002,-0.02507,0.0074113,0.010808,0.0025683,0.0030082,0.025281,0.052687,0.065255,0.038185,0.032857,0.06517,0.03483,0.13517,542.73
-0.003934,-0.020513,-0.0097385,0.0047697,-0.022761,0.013417,0.024814,0.0049548,-0.025676,0.0070123,0.012054,0.0021053,0.0029277,0.025728,0.052479,0.066381,0.037435,0.034688,0.066165,0.034243,0.13688,536.36
-0.0038135,-0.020586,-0.0092658,0.0062155,-0.022869,0.014021,0.023499,0.0062562,-0.024736,0.007086,0.012581,0.0035143,0.0023316,0.0262,0.051713,0.067068,0.038162,0.035706,0.065893,0.034361,0.1372,530.05
-0.0025803,-0.019887,-0.0087375,0.0059327,-0.02272,0.015044,0.024036,0.0062369,-0.024961,0.0069253,0.012451,0.0035826,0.0022489,0.026121,0.051752,0.067208,0.038058,0.035674,0.065624,0.037298,0.13789,523.8
-0.0047005,-0.019547,-0.0064354,0.0060744,-0.023115,0.015108,0.02477,0.0069093,-0.025436,0.0074761,0.012302,0.0035682,0.0027061,0.026077,0.051728,0.067001,0.038218,0.035633,0.066354,0.037656,0.13848,518.16
-0.0047281,-0.020455,-0.0078437,0.0068155,-0.023525,0.015873,0.024623,0.0072139,-0.026474,0.008904,0.011321,0.0035343,0.0029796,0.026089,0.052051,0.067111,0.039229,0.0355,0.06803,0.038134,0.14042,512.07
-0.0048751,-0.020468,-0.0079713,0.0059553,-0.022599,0.016174,0.02528,0.0071769,-0.026734,0.0079659,0.011931,0.0040998,0.003785,0.025587,0.052311,0.067101,0.041985,0.035701,0.067701,0.037885,0.14109,505.99
-0.0052426,-0.018046,-0.0087916,0.0068695,-0.021756,0.015388,0.025663,0.007233,-0.027181,0.007567,0.011532,0.0041498,0.0038706,0.026231,0.053154,0.067876,0.041843,0.036685,0.068284,0.037816,0.14202,499.91
-0.0052455,-0.019284,-0.0086258,0.0067728,-0.022497,0.013845,0.026063,0.0076776,-0.026727,0.0067793,0.011574,0.0039957,0.0032715,0.027844,0.054593,0.068737,0.042393,0.03623,0.068417,0.038568,0.14365,493.84
-0.006179,-0.019653,-0.0092593,0.0068649,-0.021786,0.014091,0.026802,0.0069503,-0.024332,0.0063855,0.011676,0.0044549,0.0029054,0.027173,0.05461,0.068357,0.042069,0.03634,0.069893,0.039179,0.14387,487.78
-0.0063228,-0.019282,-0.0084044,0.0057779,-0.021989,0.014566,0.025571,0.0047843,-0.024055,0.0071361,0.010798,0.0050103,0.0023053,0.027734,0.055229,0.069212,0.042595,0.03675,0.070039,0.038945,0.14444,481.8
-0.0062554,-0.019062,-0.0083389,0.0063124,-0.022789,0.014302,0.025011,0.0045356,-0.023953,0.0074945,0.012266,0.005128,0.0030786,0.02578,0.056552,0.070692,0.042348,0.036126,0.070109,0.039099,0.14526,475.86
-0.005909,-0.019935,-0.0075037,0.0068084,-0.021096,0.013716,0.023943,0.0043258,-0.023837,0.0069553,0.011606,0.003693,0.0043273,0.025637,0.055816,0.071686,0.042334,0.036305,0.070677,0.039401,0.1453,469.99
-0.0055274,-0.020644,-0.0073686,0.0060793,-0.021467,0.014798,0.024944,0.0042804,-0.024443,0.0065563,0.012853,0.0032301,0.0042467,0.026083,0.055607,0.072812,0.041583,0.038136,0.071672,0.038814,0.14698,464.15
-0.0054069,-0.020717,-0.0068959,0.0075251,-0.021575,0.015401,0.023629,0.0055818,-0.023503,0.0066301,0.01338,0.0046391,0.0036506,0.026556,0.054841,0.073498,0.042311,0.039154,0.071401,0.038931,0.14737,458.34
-0.0041738,-0.020018,-0.0063676,0.0072423,-0.021426,0.016425,0.024167,0.0055625,-0.023728,0.0064694,0.01325,0.0047073,0.0035679,0.026477,0.05488,0.073639,0.042207,0.039122,0.071132,0.041869,0.14809,452.59
-0.0062939,-0.019677,-0.0040655,0.007384,-0.021821,0.016488,0.024901,0.0062349,-0.024203,0.0070202,0.0131,0.0046929,0.0040251,0.026432,0.054856,0.073432,0.042367,0.039081,0.071861,0.042227,0.14872,447.45
-0.0063215,-0.020586,-0.0054738,0.0081251,-0.022232,0.017253,0.024753,0.0065395,-0.025241,0.008448,0.012119,0.004659,0.0042987,0.026444,0.055179,0.073542,0.043378,0.038948,0.073537,0.042705,0.15062,441.86
-0.0064685,-0.020599,-0.0056014,0.0072649,-0.021305,0.017554,0.025411,0.0065025,-0.025501,0.00751,0.012729,0.0052245,0.005104,0.025943,0.055439,0.073532,0.046134,0.03915,0.073208,0.042456,0.15132,436.28
-0.006836,-0.018177,-0.0064217,0.0081791,-0.020463,0.016768,0.025794,0.0065586,-0.025948,0.0071111,0.01233,0.0052745,0.0051896,0.026587,0.056282,0.074306,0.045992,0.040134,0.073792,0.042387,0.15228,430.71
-0.0068389,-0.019415,-0.0062558,0.0080824,-0.021204,0.015225,0.026193,0.0070032,-0.025494,0.0063233,0.012372,0.0051205,0.0045906,0.0282,0.057722,0.075168,0.046542,0.039678,0.073924,0.043139,0.15388,425.13
-0.0077724,-0.019784,-0.0068894,0.0081745,-0.020492,0.015471,0.026933,0.0062759,-0.023098,0.0059295,0.012474,0.0055796,0.0042244,0.027528,0.057738,0.074787,0.046218,0.039788,0.0754,0.04375,0.15416,419.57
-0.0079162,-0.019413,-0.0060345,0.0070875,-0.020695,0.015946,0.025701,0.0041099,-0.022822,0.0066802,0.011596,0.006135,0.0036243,0.028089,0.058357,0.075643,0.046744,0.040198,0.075546,0.043516,0.15477,414.09
-0.0078488,-0.019193,-0.005969,0.007622,-0.021495,0.015682,0.025141,0.0038612,-0.02272,0.0070386,0.013064,0.0062527,0.0043976,0.026135,0.05968,0.077123,0.046496,0.039574,0.075616,0.043669,0.15562,408.65
-0.0075024,-0.020066,-0.0051338,0.008118,-0.019802,0.015096,0.024074,0.0036514,-0.022603,0.0064994,0.012404,0.0048177,0.0056463,0.025992,0.058944,0.078116,0.046483,0.039753,0.076184,0.043972,0.15575,403.28
-0.0071208,-0.020775,-0.0049987,0.0073889,-0.020174,0.016178,0.025075,0.003606,-0.02321,0.0061004,0.013651,0.0043548,0.0055658,0.026439,0.058735,0.079242,0.045732,0.041585,0.07718,0.043385,0.15739,397.95
-0.0070003,-0.020847,-0.004526,0.0088347,-0.020281,0.016781,0.02376,0.0049074,-0.022269,0.0061741,0.014178,0.0057638,0.0049696,0.026911,0.057969,0.079929,0.046459,0.042603,0.076908,0.043502,0.15783,392.63
-0.0057672,-0.020148,-0.0039977,0.0085519,-0.020132,0.017805,0.024297,0.0048881,-0.022495,0.0060134,0.014048,0.005832,0.0048869,0.026832,0.058008,0.08007,0.046355,0.04257,0.076639,0.04644,0.15859,387.38
-0.0078873,-0.019808,-0.0016955,0.0086936,-0.020527,0.017868,0.025031,0.0055605,-0.022969,0.0065642,0.013898,0.0058176,0.0053442,0.026788,0.057984,0.079862,0.046515,0.042529,0.077368,0.046798,0.15926,382.74
-0.0079149,-0.020716,-0.0031039,0.0094347,-0.020938,0.018633,0.024883,0.0058651,-0.024008,0.0079921,0.012918,0.0057837,0.0056177,0.0268,0.058307,0.079972,0.047526,0.042396,0.079044,0.047275,0.1611,377.65
-0.0080619,-0.020729,-0.0032315,0.0085745,-0.020011,0.018935,0.025541,0.0058281,-0.024268,0.007054,0.013527,0.0063493,0.0064231,0.026298,0.058567,0.079962,0.050282,0.042598,0.078715,0.047026,0.16184,372.57
-0.0084294,-0.018308,-0.0040518,0.0094887,-0.019169,0.018148,0.025924,0.0058842,-0.024715,0.0066551,0.013128,0.0063992,0.0065086,0.026942,0.05941,0.080737,0.050141,0.043582,0.079299,0.046958,0.16281,367.5
-0.0084323,-0.019546,-0.0038859,0.009392,-0.01991,0.016605,0.026324,0.0063288,-0.024261,0.0058674,0.01317,0.0062452,0.0059096,0.028555,0.06085,0.081598,0.050691,0.043126,0.079431,0.04771,0.16439,362.42
-0.0093658,-0.019914,-0.0045195,0.0094841,-0.019198,0.016852,0.027063,0.0056015,-0.021865,0.0054736,0.013273,0.0067043,0.0055435,0.027884,0.060866,0.081218,0.050367,0.043236,0.080907,0.048321,0.16473,357.36
-0.0095096,-0.019543,-0.0036646,0.0083971,-0.019401,0.017326,0.025832,0.0034355,-0.021589,0.0062242,0.012395,0.0072598,0.0049433,0.028445,0.061485,0.082073,0.050892,0.043647,0.081054,0.048086,0.16538,352.38
-0.0094422,-0.019324,-0.003599,0.0089316,-0.020201,0.017062,0.025272,0.0031868,-0.021486,0.0065826,0.013863,0.0073774,0.0057167,0.026491,0.062809,0.083554,0.050645,0.043022,0.081124,0.04824,0.16625,347.44
-0.0090958,-0.020197,-0.0027639,0.0094276,-0.018508,0.016476,0.024204,0.002977,-0.02137,0.0060434,0.013202,0.0059424,0.0069653,0.026348,0.062072,0.084547,0.050631,0.043202,0.081692,0.048543,0.16644,342.57
-0.0087142,-0.020905,-0.0026288,0.0086985,-0.01888,0.017558,0.025205,0.0029316,-0.021977,0.0056444,0.014449,0.0054795,0.0068848,0.026794,0.061863,0.085673,0.049881,0.045033,0.082687,0.047956,0.16806,337.74
-0.0085937,-0.020978,-0.002156,0.010144,-0.018987,0.018161,0.02389,0.004233,-0.021036,0.0057182,0.014976,0.0068885,0.0062887,0.027267,0.061097,0.086359,0.050608,0.046051,0.082415,0.048073,0.16854,332.93
-0.0073606,-0.020279,-0.0016278,0.0098615,-0.018838,0.019185,0.024428,0.0042137,-0.021262,0.0055574,0.014846,0.0069567,0.006206,0.027188,0.061136,0.0865,0.050504,0.046019,0.082147,0.051011,0.16932,328.18
-0.0094807,-0.019939,0.00067437,0.010003,-0.019233,0.019248,0.025162,0.0048861,-0.021736,0.0061083,0.014696,0.0069423,0.0066632,0.027143,0.061112,0.086293,0.050664,0.045978,0.082876,0.051369,0.17003,324.04
-0.0095083,-0.020847,-0.000734,0.010744,-0.019644,0.020014,0.025014,0.0051907,-0.022774,0.0075361,0.013716,0.0069084,0.0069367,0.027155,0.061435,0.086403,0.051675,0.045845,0.084552,0.051846,0.17183,319.44
-0.0096553,-0.02086,-0.0008616,0.0098841,-0.018717,0.020315,0.025671,0.0051537,-0.023035,0.006598,0.014325,0.007474,0.0077421,0.026654,0.061695,0.086393,0.054431,0.046046,0.084223,0.051597,0.1726,314.87
-0.010023,-0.018438,-0.0016819,0.010798,-0.017875,0.019529,0.026055,0.0052097,-0.023481,0.0061992,0.013927,0.0075239,0.0078277,0.027298,0.062538,0.087168,0.054289,0.04703,0.084807,0.051528,0.17358,310.29
-0.010026,-0.019676,-0.001516,0.010702,-0.018616,0.017986,0.026454,0.0056544,-0.023028,0.0054114,0.013969,0.0073699,0.0072286,0.028911,0.063978,0.088029,0.054839,0.046574,0.084939,0.05228,0.17513,305.72
-0.0090364,-0.019039,-0.00082253,0.010483,-0.019149,0.017711,0.025225,0.0058426,-0.023483,0.0041066,0.014444,0.007338,0.0066333,0.028631,0.06417,0.086668,0.055121,0.046289,0.08696,0.052062,0.17516,301.16
-0.0099699,-0.019408,-0.001456,0.010575,-0.018438,0.017957,0.025964,0.0051154,-0.021087,0.0037128,0.014546,0.0077971,0.0062672,0.027959,0.064186,0.086287,0.054797,0.046399,0.088436,0.052673,0.17556,296.65
-0.010114,-0.019037,-0.00060121,0.0094884,-0.018641,0.018432,0.024733,0.0029493,-0.020811,0.0044634,0.013669,0.0083525,0.005667,0.02852,0.064806,0.087142,0.055323,0.046809,0.088582,0.052439,0.17624,292.17
-0.010046,-0.018817,-0.00053563,0.010023,-0.019441,0.018168,0.024173,0.0027006,-0.020708,0.0048218,0.015137,0.0084702,0.0064404,0.026566,0.066129,0.088623,0.055075,0.046185,0.088652,0.052593,0.17713,287.73
-0.011278,-0.019114,-0.0012113,0.0102,-0.019534,0.017312,0.023207,0.0017919,-0.021386,0.0050991,0.016523,0.0076236,0.0059603,0.026571,0.065811,0.087665,0.055402,0.047455,0.088157,0.053854,0.17716,283.36
-0.010932,-0.019987,-0.00037609,0.010696,-0.01784,0.016726,0.02214,0.0015821,-0.02127,0.0045599,0.015862,0.0061886,0.007209,0.026428,0.065074,0.088658,0.055389,0.047635,0.088725,0.054157,0.17741,279
-0.01055,-0.020696,-0.00024101,0.0099671,-0.018212,0.017808,0.023141,0.0015368,-0.021876,0.0041609,0.017109,0.0057257,0.0071284,0.026874,0.064866,0.089784,0.054638,0.049466,0.089721,0.05357,0.179,274.67
-0.01043,-0.020769,0.00023171,0.011413,-0.01832,0.018411,0.021826,0.0028381,-0.020936,0.0042347,0.017636,0.0071347,0.0065323,0.027347,0.0641,0.09047,0.055365,0.050484,0.089449,0.053687,0.17953,270.35
-0.0091967,-0.02007,0.00076,0.01113,-0.018171,0.019435,0.022363,0.0028188,-0.021162,0.0040739,0.017506,0.0072029,0.0064496,0.027268,0.064138,0.090611,0.055261,0.050452,0.08918,0.056625,0.18033,266.11
-0.011317,-0.019729,0.0030621,0.011272,-0.018566,0.019498,0.023097,0.0034912,-0.021636,0.0046248,0.017357,0.0071885,0.0069068,0.027223,0.064114,0.090404,0.055421,0.050411,0.08991,0.056983,0.18106,262.47
-0.011344,-0.020638,0.0016538,0.012013,-0.018976,0.020263,0.022949,0.0037958,-0.022674,0.0060526,0.016376,0.0071546,0.0071804,0.027235,0.064438,0.090514,0.056432,0.050278,0.091586,0.05746,0.18282,258.37
-0.011491,-0.020651,0.0015262,0.011153,-0.018049,0.020565,0.023607,0.0037588,-0.022935,0.0051145,0.016986,0.0077202,0.0079857,0.026734,0.064697,0.090504,0.059188,0.050479,0.091257,0.057211,0.18361,254.3
-0.011859,-0.018229,0.00070586,0.012067,-0.017207,0.019778,0.02399,0.0038149,-0.023381,0.0047157,0.016587,0.0077701,0.0080713,0.027378,0.065541,0.091279,0.059047,0.051463,0.09184,0.057142,0.1846,250.22
-0.011862,-0.019467,0.00087174,0.01197,-0.017948,0.018235,0.024389,0.0042595,-0.022928,0.0039279,0.016629,0.0076161,0.0074722,0.028991,0.06698,0.09214,0.059597,0.051008,0.091973,0.057894,0.18613,246.15
-0.010873,-0.01883,0.0015652,0.011752,-0.018482,0.017961,0.02316,0.0044478,-0.023383,0.0026231,0.017104,0.0075841,0.0068769,0.02871,0.067172,0.090779,0.059878,0.050722,0.093994,0.057676,0.18623,242.09
-0.011806,-0.019198,0.00093171,0.011844,-0.01777,0.018207,0.023899,0.0037205,-0.020987,0.0022293,0.017207,0.0080433,0.0065108,0.028039,0.067189,0.090398,0.059554,0.050832,0.09547,0.058288,0.18667,238.08
-0.01195,-0.018827,0.0017866,0.010757,-0.017973,0.018682,0.022668,0.0015544,-0.020711,0.0029799,0.016329,0.0085987,0.0059107,0.0286,0.067808,0.091253,0.06008,0.051242,0.095616,0.058053,0.18737,234.1
-0.011882,-0.018608,0.0018521,0.011292,-0.018773,0.018417,0.022108,0.0013057,-0.020608,0.0033383,0.017797,0.0087164,0.006684,0.026646,0.069131,0.092734,0.059833,0.050618,0.095686,0.058207,0.18828,230.16
-0.013114,-0.018905,0.0011765,0.011469,-0.018866,0.017562,0.021142,0.00039702,-0.021286,0.0036156,0.019183,0.0078698,0.0062039,0.026651,0.068813,0.091776,0.06016,0.051888,0.095191,0.059468,0.18838,226.29
-0.012768,-0.019778,0.0020117,0.011965,-0.017173,0.016976,0.020075,0.00018721,-0.02117,0.0030764,0.018523,0.0064348,0.0074526,0.026508,0.068076,0.092769,0.060146,0.052068,0.095759,0.059771,0.18868,222.43
-0.012387,-0.020487,0.0021467,0.011236,-0.017544,0.018057,0.021076,0.00014187,-0.021776,0.0026774,0.019769,0.0059719,0.0073721,0.026954,0.067868,0.093895,0.059395,0.053899,0.096755,0.059184,0.19024,218.6
-0.012266,-0.020559,0.0026195,0.012682,-0.017652,0.018661,0.019761,0.0014432,-0.020836,0.0027512,0.020297,0.0073809,0.0067759,0.027427,0.067102,0.094581,0.060123,0.054917,0.096483,0.059301,0.1908,214.78
-0.011033,-0.019861,0.0031478,0.012399,-0.017503,0.019684,0.020298,0.0014239,-0.021062,0.0025905,0.020166,0.0074491,0.0066932,0.027348,0.067141,0.094722,0.060019,0.054885,0.096214,0.062239,0.19162,211.04
-0.013153,-0.01952,0.0054499,0.012541,-0.017898,0.019748,0.021032,0.0020963,-0.021536,0.0031413,0.020017,0.0074347,0.0071505,0.027303,0.067117,0.094515,0.060179,0.054844,0.096943,0.062597,0.19237,207.89
-0.013181,-0.020428,0.0040415,0.013282,-0.018309,0.020513,0.020885,0.0024009,-0.022574,0.0045691,0.019036,0.0074008,0.007424,0.027315,0.06744,0.094625,0.06119,0.054711,0.098619,0.063074,0.1941,204.3
-0.013328,-0.020442,0.0039139,0.012421,-0.017382,0.020814,0.021542,0.0023639,-0.022835,0.003631,0.019646,0.0079663,0.0082294,0.026814,0.0677,0.094615,0.063946,0.054912,0.09829,0.062825,0.19491,200.73
-0.013695,-0.01802,0.0030936,0.013336,-0.01654,0.020028,0.021925,0.00242,-0.023281,0.0032322,0.019247,0.0080163,0.0083149,0.027458,0.068543,0.09539,0.063804,0.055897,0.098874,0.062756,0.1959,197.15
-0.013698,-0.019258,0.0032595,0.013239,-0.017281,0.018485,0.022325,0.0028646,-0.022828,0.0024444,0.019289,0.0078623,0.0077159,0.029071,0.069982,0.096251,0.064354,0.055441,0.099006,0.063508,0.19741,193.58
-0.012709,-0.01862,0.003953,0.013021,-0.017814,0.01821,0.021095,0.0030529,-0.023283,0.0011396,0.019765,0.0078303,0.0071206,0.02879,0.070175,0.09489,0.064636,0.055155,0.10103,0.06329,0.19757,190.02
-0.013642,-0.018989,0.0033195,0.013113,-0.017102,0.018457,0.021835,0.0023256,-0.020887,0.00074577,0.019867,0.0082895,0.0067544,0.028119,0.070191,0.094509,0.064312,0.055265,0.1025,0.063902,0.19804,186.51
-0.013786,-0.018618,0.0041743,0.012026,-0.017305,0.018931,0.020604,0.00015954,-0.020611,0.0014964,0.018989,0.0088449,0.0061543,0.02868,0.070811,0.095364,0.064837,0.055675,0.10265,0.063667,0.19877,183.03
-0.013719,-0.018398,0.0042399,0.01256,-0.018106,0.018667,0.020043,-8.9136e-05,-0.020508,0.0018548,0.020457,0.0089626,0.0069276,0.026726,0.072134,0.096845,0.06459,0.055051,0.10272,0.063821,0.19969,179.59
-0.014951,-0.018696,0.0035642,0.012738,-0.018198,0.017811,0.019078,-0.00099786,-0.021186,0.0021321,0.021843,0.0081159,0.0064476,0.026731,0.071816,0.095887,0.064917,0.056321,0.10223,0.065082,0.19984,176.22
-0.014604,-0.019569,0.0043994,0.013234,-0.016505,0.017225,0.01801,-0.0012077,-0.02107,0.0015929,0.021183,0.006681,0.0076962,0.026588,0.071079,0.09688,0.064903,0.056501,0.10279,0.065385,0.20019,172.86
-0.014223,-0.020277,0.0045345,0.012504,-0.016877,0.018307,0.019011,-0.001253,-0.021676,0.0011939,0.022429,0.006218,0.0076157,0.027034,0.070871,0.098006,0.064153,0.058332,0.10379,0.064798,0.20172,169.53
-0.014102,-0.02035,0.0050072,0.01395,-0.016984,0.01891,0.017696,4.8365e-05,-0.020736,0.0012677,0.022957,0.007627,0.0070196,0.027507,0.070105,0.098693,0.06488,0.05935,0.10352,0.064915,0.20231,166.21
-0.012869,-0.019651,0.0055355,0.013667,-0.016835,0.019934,0.018234,2.9023e-05,-0.020962,0.001107,0.022827,0.0076953,0.0069369,0.027428,0.070143,0.098833,0.064776,0.059318,0.10325,0.067853,0.20315,162.96
-0.014989,-0.019311,0.0078376,0.013809,-0.01723,0.019998,0.018968,0.00070144,-0.021436,0.0016578,0.022677,0.0076809,0.0073941,0.027383,0.070119,0.098626,0.064936,0.059277,0.10398,0.068211,0.20392,160.32
-0.015017,-0.020219,0.0064293,0.01455,-0.017641,0.020763,0.01882,0.0010061,-0.022474,0.0030856,0.021696,0.007647,0.0076676,0.027395,0.070442,0.098736,0.065947,0.059144,0.10565,0.068688,0.20561,157.23
-0.015164,-0.020232,0.0063017,0.01369,-0.016714,0.021064,0.019478,0.00096907,-0.022735,0.0021476,0.022306,0.0082125,0.008473,0.026894,0.070702,0.098726,0.068703,0.059346,0.10532,0.068439,0.20644,154.15
-0.015531,-0.01781,0.0054814,0.014604,-0.015872,0.020278,0.019861,0.0010251,-0.023181,0.0017487,0.021907,0.0082625,0.0085586,0.027538,0.071545,0.099501,0.068561,0.06033,0.10591,0.068371,0.20744,151.08
-0.015534,-0.019048,0.0056473,0.014508,-0.016613,0.018735,0.02026,0.0014698,-0.022728,0.00096093,0.021949,0.0081084,0.0079595,0.029151,0.072985,0.10036,0.069111,0.059874,0.10604,0.069122,0.20892,148
-0.014545,-0.018411,0.0063407,0.014289,-0.017146,0.01846,0.019031,0.001658,-0.023183,-0.00034392,0.022425,0.0080765,0.0073642,0.02887,0.073177,0.099001,0.069393,0.059588,0.10806,0.068905,0.20913,144.94
-0.015478,-0.01878,0.0057072,0.014381,-0.016435,0.018706,0.01977,0.00093072,-0.020787,-0.00073773,0.022527,0.0085357,0.0069981,0.028199,0.073193,0.09862,0.069069,0.059698,0.10954,0.069516,0.20964,141.94
-0.015622,-0.018409,0.0065621,0.013294,-0.016638,0.019181,0.018539,-0.0012353,-0.020511,1.2948e-05,0.021649,0.0090911,0.006398,0.02876,0.073813,0.099476,0.069595,0.060108,0.10968,0.069281,0.21039,138.96
-0.015555,-0.018189,0.0066276,0.013829,-0.017438,0.018917,0.017979,-0.001484,-0.020408,0.00037133,0.023117,0.0092087,0.0071713,0.026806,0.075136,0.10096,0.069347,0.059484,0.10975,0.069435,0.21131,136.01
-0.016787,-0.018486,0.005952,0.014006,-0.017531,0.018061,0.017013,-0.0023927,-0.021086,0.00064863,0.024503,0.0083621,0.0066912,0.026811,0.074818,0.099998,0.069674,0.060755,0.10926,0.070696,0.21152,133.15
-0.01644,-0.019359,0.0067872,0.014502,-0.015837,0.017475,0.015946,-0.0026025,-0.02097,0.00010943,0.023843,0.0069272,0.0079399,0.026668,0.074081,0.10099,0.069661,0.060934,0.10983,0.070999,0.21191,130.29
-0.016059,-0.020068,0.0069223,0.013773,-0.016209,0.018557,0.016947,-0.0026479,-0.021576,-0.00028956,0.02509,0.0064642,0.0078593,0.027114,0.073873,0.10212,0.06891,0.062765,0.11082,0.070412,0.21342,127.46
-0.015938,-0.020141,0.007395,0.015219,-0.016317,0.01916,0.015632,-0.0013465,-0.020636,-0.0002158,0.025617,0.0078732,0.0072632,0.027587,0.073107,0.1028,0.069638,0.063783,0.11055,0.070529,0.21403,124.64
-0.014705,-0.019442,0.0079233,0.014936,-0.016168,0.020184,0.016169,-0.0013659,-0.020862,-0.00037653,0.025487,0.0079415,0.0071805,0.027507,0.073145,0.10294,0.069533,0.063751,0.11028,0.073467,0.21488,121.89
-0.016825,-0.019101,0.010225,0.015078,-0.016563,0.020247,0.016903,-0.00069344,-0.021336,0.00017429,0.025337,0.0079271,0.0076377,0.027463,0.073121,0.10274,0.069694,0.06371,0.11101,0.073825,0.21567,119.75
-0.016853,-0.02001,0.008817,0.015819,-0.016973,0.021013,0.016755,-0.00038881,-0.022374,0.0016022,0.024356,0.0078932,0.0079113,0.027475,0.073445,0.10285,0.070704,0.063577,0.11269,0.074302,0.21733,117.16
-0.017,-0.020023,0.0086894,0.014959,-0.016046,0.021314,0.017413,-0.00042581,-0.022634,0.00066406,0.024966,0.0084587,0.0087167,0.026974,0.073705,0.10284,0.07346,0.063779,0.11236,0.074053,0.21816,114.58
-0.017367,-0.017601,0.0078691,0.015873,-0.015204,0.020527,0.017796,-0.00036977,-0.023081,0.00026519,0.024567,0.0085087,0.0088022,0.027618,0.074548,0.10361,0.073319,0.064763,0.11294,0.073985,0.21917,112.01
-0.01737,-0.018839,0.008035,0.015776,-0.015945,0.018984,0.018196,7.487e-05,-0.022628,-0.00052257,0.024609,0.0083546,0.0082032,0.02923,0.075987,0.10447,0.073869,0.064307,0.11307,0.074737,0.22063,109.43
-0.016381,-0.018202,0.0087285,0.015558,-0.016479,0.01871,0.016966,0.00026311,-0.023083,-0.0018274,0.025085,0.0083227,0.0076078,0.02895,0.076179,0.10311,0.07415,0.064021,0.1151,0.074519,0.22089,106.87
-0.014915,-0.017936,0.0092679,0.015152,-0.016658,0.017142,0.017666,0.00050251,-0.022156,6.0906e-05,0.025216,0.0082455,0.0081231,0.02871,0.076039,0.10252,0.074674,0.065176,0.11542,0.074414,0.22091,104.37
-0.015849,-0.018305,0.0086344,0.015244,-0.015946,0.017388,0.018405,-0.00022476,-0.019761,-0.00033291,0.025318,0.0087047,0.007757,0.028038,0.076056,0.10214,0.07435,0.065286,0.11689,0.075025,0.22145,101.87
-0.015993,-0.017934,0.0094892,0.014157,-0.016149,0.017863,0.017174,-0.0023908,-0.019484,0.00041777,0.024441,0.0092601,0.0071569,0.028599,0.076675,0.10299,0.074876,0.065697,0.11704,0.074791,0.22222,99.393
-0.015925,-0.017714,0.0095548,0.014692,-0.01695,0.017599,0.016614,-0.0026395,-0.019382,0.00077615,0.025909,0.0093777,0.0079302,0.026645,0.077998,0.10447,0.074629,0.065072,0.11711,0.074945,0.22315,96.949
-0.016362,-0.017307,0.0088485,0.013899,-0.018867,0.01763,0.015983,-0.0023276,-0.018622,-0.00014195,0.025021,0.0093083,0.0098679,0.026779,0.07754,0.10444,0.074558,0.065822,0.11698,0.075316,0.22318,94.582
-0.017594,-0.017604,0.0081728,0.014076,-0.018959,0.016774,0.015017,-0.0032364,-0.0193,0.00013535,0.026407,0.0084617,0.0093878,0.026783,0.077222,0.10348,0.074885,0.067093,0.11649,0.076578,0.22343,92.224
-0.017247,-0.018477,0.009008,0.014572,-0.017266,0.016188,0.01395,-0.0034462,-0.019184,-0.00040385,0.025746,0.0070267,0.010636,0.02664,0.076485,0.10447,0.074871,0.067272,0.11706,0.07688,0.22385,89.867
-0.016866,-0.019186,0.0091431,0.013843,-0.017638,0.01727,0.014951,-0.0034915,-0.01979,-0.00080284,0.026993,0.0065638,0.010556,0.027087,0.076277,0.1056,0.074121,0.069103,0.11805,0.076293,0.22534,87.532
-0.016745,-0.019258,0.0096158,0.015289,-0.017745,0.017873,0.013636,-0.0021901,-0.018849,-0.00072908,0.02752,0.0079728,0.0099598,0.02756,0.075511,0.10628,0.074848,0.070121,0.11778,0.07641,0.22598,85.219
-0.015512,-0.01856,0.010144,0.015006,-0.017596,0.018897,0.014173,-0.0022095,-0.019075,-0.00088981,0.02739,0.008041,0.0098771,0.02748,0.075549,0.10642,0.074744,0.070089,0.11751,0.079348,0.22684,82.971
-0.015219,-0.019579,0.01066,0.016094,-0.017912,0.018499,0.014695,-0.0028196,-0.019763,-0.0018223,0.026009,0.008953,0.0096595,0.026186,0.07632,0.10587,0.074453,0.071514,0.117,0.079282,0.22687,81.33
-0.017339,-0.019239,0.012962,0.016236,-0.018307,0.018562,0.015429,-0.0021472,-0.020238,-0.0012715,0.025859,0.0089386,0.010117,0.026142,0.076296,0.10566,0.074613,0.071473,0.11773,0.07964,0.22767,79.196
-0.017367,-0.020147,0.011553,0.016977,-0.018718,0.019328,0.015282,-0.0018425,-0.021276,0.00015637,0.024878,0.0089047,0.01039,0.026154,0.076619,0.10577,0.075624,0.07134,0.1194,0.080118,0.22929,77.105
-0.017514,-0.02016,0.011426,0.016117,-0.017791,0.019629,0.015939,-0.0018795,-0.021536,-0.00078172,0.025488,0.0094703,0.011196,0.025652,0.076879,0.10576,0.07838,0.071542,0.11907,0.079869,0.23014,75.027
-0.017881,-0.017739,0.010605,0.017031,-0.016949,0.018842,0.016322,-0.0018235,-0.021983,-0.0011806,0.025089,0.0095202,0.011281,0.026296,0.077723,0.10654,0.078238,0.072526,0.11966,0.0798,0.23115,72.951
-0.017884,-0.018976,0.010771,0.016935,-0.01769,0.017299,0.016722,-0.0013789,-0.021529,-0.0019683,0.025131,0.0093662,0.010682,0.027909,0.079162,0.1074,0.078788,0.07207,0.11979,0.080552,0.23259,70.877
-0.016895,-0.018339,0.011465,0.016716,-0.018223,0.017025,0.015492,-0.0011906,-0.021984,-0.0032732,0.025607,0.0093343,0.010087,0.027629,0.079354,0.10604,0.07907,0.071784,0.12181,0.080334,0.23288,68.817
-0.015429,-0.018073,0.012004,0.016311,-0.018403,0.015457,0.016192,-0.00095121,-0.021058,-0.0013849,0.025738,0.0092571,0.010602,0.027388,0.079214,0.10545,0.079593,0.072939,0.12213,0.080229,0.23297,66.811
-0.016363,-0.018442,0.011371,0.016403,-0.017691,0.015703,0.016931,-0.0016785,-0.018662,-0.0017787,0.02584,0.0097162,0.010236,0.026717,0.07923,0.10507,0.07927,0.073049,0.12361,0.080841,0.23353,64.817
-0.016506,-0.018071,0.012225,0.015316,-0.017894,0.016178,0.0157,-0.0038445,-0.018386,-0.001028,0.024963,0.010272,0.0096359,0.027278,0.07985,0.10592,0.079795,0.07346,0.12375,0.080606,0.23431,62.837
-0.016439,-0.017852,0.012291,0.01585,-0.018694,0.015914,0.01514,-0.0040932,-0.018283,-0.00066963,0.026431,0.010389,0.010409,0.025324,0.081173,0.1074,0.079548,0.072835,0.12382,0.08076,0.23525,60.893
-0.016876,-0.017444,0.011585,0.015057,-0.020611,0.015945,0.014509,-0.0037814,-0.017523,-0.0015877,0.025543,0.01032,0.012347,0.025457,0.080714,0.10736,0.079477,0.073585,0.1237,0.081132,0.23533,59.026
-0.018108,-0.017742,0.010909,0.015234,-0.020704,0.015089,0.013544,-0.0046901,-0.018201,-0.0013104,0.026929,0.0094732,0.011867,0.025462,0.080396,0.1064,0.079804,0.074856,0.1232,0.082393,0.23562,57.168
-0.017761,-0.018615,0.011744,0.01573,-0.019011,0.014503,0.012476,-0.0048999,-0.018085,-0.0018496,0.026268,0.0080383,0.013115,0.025319,0.07966,0.1074,0.07979,0.075035,0.12377,0.082695,0.23608,55.311
-0.01738,-0.019323,0.011879,0.015001,-0.019382,0.015585,0.013477,-0.0049452,-0.018691,-0.0022486,0.027515,0.0075753,0.013035,0.025765,0.079451,0.10852,0.07904,0.076866,0.12477,0.082108,0.23754,53.475
-0.017259,-0.019396,0.012352,0.016447,-0.01949,0.016188,0.012162,-0.0036439,-0.017751,-0.0021749,0.028042,0.0089843,0.012439,0.026238,0.078685,0.10921,0.079767,0.077884,0.1245,0.082226,0.2382,51.663
-0.016026,-0.018697,0.01288,0.016164,-0.019341,0.017212,0.0127,-0.0036632,-0.017977,-0.0023356,0.027912,0.0090526,0.012356,0.026159,0.078724,0.10935,0.079663,0.077852,0.12423,0.085164,0.23907,49.914
-0.015733,-0.019717,0.013396,0.017253,-0.019656,0.016814,0.013222,-0.0042733,-0.018665,-0.0032681,0.026531,0.0099646,0.012139,0.024864,0.079495,0.1088,0.079372,0.079277,0.12371,0.085098,0.23914,48.773
-0.017853,-0.019376,0.015698,0.017395,-0.020052,0.016877,0.013956,-0.0036009,-0.019139,-0.0027173,0.026381,0.0099502,0.012596,0.02482,0.079471,0.10859,0.079532,0.079236,0.12444,0.085456,0.23996,47.14
-0.01788,-0.020285,0.01429,0.018136,-0.020462,0.017643,0.013808,-0.0032963,-0.020177,-0.0012894,0.0254,0.0099163,0.012869,0.024832,0.079794,0.1087,0.080543,0.079103,0.12612,0.085933,0.24155,45.548
-0.018027,-0.020298,0.014162,0.017275,-0.019535,0.017944,0.014466,-0.0033333,-0.020438,-0.0022275,0.02601,0.010482,0.013675,0.024331,0.080054,0.10869,0.083299,0.079305,0.12579,0.085684,0.24241,43.971
-0.018395,-0.017876,0.013342,0.01819,-0.018693,0.017157,0.014849,-0.0032772,-0.020885,-0.0026264,0.025611,0.010532,0.01376,0.024975,0.080897,0.10946,0.083157,0.080289,0.12637,0.085615,0.24342,42.394
-0.018398,-0.019114,0.013508,0.018093,-0.019434,0.015614,0.015248,-0.0028326,-0.020431,-0.0034141,0.025653,0.010378,0.013161,0.026587,0.082337,0.11033,0.083707,0.079833,0.1265,0.086367,0.24483,40.821
-0.017409,-0.018477,0.014201,0.017875,-0.019968,0.01534,0.014019,-0.0026443,-0.020886,-0.004719,0.026129,0.010346,0.012566,0.026307,0.082529,0.10896,0.083989,0.079547,0.12852,0.086149,0.24517,39.261
-0.015943,-0.018211,0.01474,0.017469,-0.020147,0.013772,0.014718,-0.0024049,-0.01996,-0.0028307,0.02626,0.010269,0.013081,0.026067,0.082389,0.10837,0.084513,0.080703,0.12884,0.086045,0.2453,37.755
-0.016876,-0.01858,0.014107,0.017561,-0.019435,0.014018,0.015458,-0.0031322,-0.017564,-0.0032245,0.026362,0.010728,0.012715,0.025395,0.082405,0.10799,0.084189,0.080813,0.13032,0.086656,0.24589,36.261
-0.01702,-0.018209,0.014962,0.016474,-0.019638,0.014493,0.014226,-0.0052983,-0.017288,-0.0024738,0.025485,0.011283,0.012115,0.025956,0.083025,0.10885,0.084714,0.081223,0.13047,0.086422,0.24668,34.781
-0.016953,-0.017989,0.015027,0.017009,-0.020438,0.014229,0.013666,-0.0055469,-0.017185,-0.0021154,0.026953,0.011401,0.012888,0.024002,0.084348,0.11033,0.084467,0.080599,0.13054,0.086576,0.24762,33.337
-0.017389,-0.017582,0.014321,0.016215,-0.022356,0.01426,0.013036,-0.0052351,-0.016425,-0.0030335,0.026064,0.011331,0.014826,0.024136,0.083889,0.11029,0.084397,0.081348,0.13041,0.086947,0.24775,31.97
-0.018621,-0.017879,0.013645,0.016393,-0.022448,0.013404,0.01207,-0.0061438,-0.017103,-0.0027562,0.027451,0.010485,0.014346,0.02414,0.083571,0.10933,0.084723,0.082619,0.12992,0.088208,0.24807,30.611
-0.018275,-0.018752,0.014481,0.016889,-0.020755,0.012818,0.011002,-0.0063536,-0.016987,-0.0032954,0.02679,0.0090498,0.015595,0.023997,0.082834,0.11032,0.08471,0.082798,0.13049,0.088511,0.24856,29.254
-0.017893,-0.019461,0.014616,0.016159,-0.021127,0.0139,0.012003,-0.006399,-0.017593,-0.0036944,0.028037,0.0085869,0.015514,0.024444,0.082626,0.11145,0.083959,0.08463,0.13148,0.087924,0.24999,27.919
-0.017773,-0.019534,0.015088,0.017605,-0.021234,0.014503,0.010688,-0.0050976,-0.016653,-0.0036206,0.028564,0.0099959,0.014918,0.024917,0.08186,0.11214,0.084687,0.085648,0.13121,0.088041,0.25067,26.606
-0.01654,-0.018835,0.015617,0.017322,-0.021085,0.015527,0.011226,-0.0051169,-0.016878,-0.0037814,0.028434,0.010064,0.014835,0.024837,0.081899,0.11228,0.084582,0.085615,0.13094,0.090979,0.25155,25.358
-0.016247,-0.019854,0.016132,0.018411,-0.021401,0.015129,0.011748,-0.005727,-0.017567,-0.0047139,0.027053,0.010976,0.014618,0.023543,0.08267,0.11172,0.084291,0.087041,0.13042,0.090913,0.25167,24.717
-0.018367,-0.019514,0.018434,0.018553,-0.021796,0.015192,0.012482,-0.0050546,-0.018041,-0.0041631,0.026903,0.010962,0.015075,0.023499,0.082646,0.11152,0.084451,0.087,0.13115,0.091271,0.2525,23.584
-0.018394,-0.020422,0.017026,0.019294,-0.022207,0.015957,0.012334,-0.00475,-0.019079,-0.0027352,0.025922,0.010928,0.015348,0.023511,0.082969,0.11163,0.085462,0.086867,0.13283,0.091748,0.25406,22.492
-0.018541,-0.020435,0.016898,0.018434,-0.02128,0.016259,0.012992,-0.004787,-0.01934,-0.0036733,0.026532,0.011493,0.016154,0.023009,0.083229,0.11162,0.088218,0.087068,0.1325,0.0915,0.25492,21.414
-0.018909,-0.018014,0.016078,0.019348,-0.020438,0.015472,0.013375,-0.004731,-0.019786,-0.0040722,0.026133,0.011543,0.016239,0.023653,0.084072,0.11239,0.088077,0.088052,0.13308,0.091431,0.25593,20.338
-0.018912,-0.019252,0.016244,0.019251,-0.021179,0.013929,0.013774,-0.0042863,-0.019333,-0.0048599,0.026175,0.011389,0.01564,0.025266,0.085512,0.11325,0.088626,0.087596,0.13322,0.092183,0.25733,19.264
-0.017922,-0.018614,0.016937,0.019033,-0.021712,0.013655,0.012545,-0.0040981,-0.019788,-0.0061648,0.026651,0.011357,0.015045,0.024986,0.085704,0.11189,0.088908,0.087311,0.13524,0.091965,0.2577,18.204
-0.016457,-0.018348,0.017477,0.018627,-0.021891,0.012087,0.013244,-0.0038587,-0.018861,-0.0042764,0.026782,0.01128,0.01556,0.024745,0.085564,0.1113,0.089432,0.088466,0.13556,0.09186,0.25787,17.198
-0.01739,-0.018717,0.016843,0.018719,-0.02118,0.012333,0.013984,-0.0045859,-0.016466,-0.0046703,0.026884,0.011739,0.015194,0.024074,0.08558,0.11092,0.089108,0.088576,0.13703,0.092471,0.25848,16.204
-0.017534,-0.018346,0.017698,0.017632,-0.021383,0.012808,0.012753,-0.006752,-0.016189,-0.0039196,0.026007,0.012295,0.014594,0.024635,0.086199,0.11177,0.089634,0.088986,0.13718,0.092237,0.25928,15.224
-0.017467,-0.018127,0.017764,0.018167,-0.022183,0.012544,0.012193,-0.0070007,-0.016087,-0.0035612,0.027475,0.012412,0.015367,0.022681,0.087522,0.11325,0.089386,0.088362,0.13725,0.092391,0.26022,14.28
-0.017903,-0.017719,0.017057,0.017374,-0.0241,0.012575,0.011562,-0.0066888,-0.015327,-0.0044793,0.026586,0.012343,0.017305,0.022814,0.087064,0.11322,0.089316,0.089112,0.13713,0.092763,0.26039,13.413
-0.019135,-0.018017,0.016382,0.017551,-0.024193,0.011719,0.010596,-0.0075975,-0.016005,-0.004202,0.027973,0.011496,0.016825,0.022819,0.086746,0.11226,0.089643,0.090382,0.13663,0.094024,0.26075,12.555
-0.018789,-0.01889,0.017217,0.018047,-0.022499,0.011133,0.0095286,-0.0078073,-0.015889,-0.0047412,0.027312,0.010061,0.018074,0.022676,0.086009,0.11325,0.089629,0.090562,0.1372,0.094326,0.26126,11.698
-0.018407,-0.019598,0.017352,0.017318,-0.022871,0.012215,0.01053,-0.0078527,-0.016495,-0.0051402,0.028559,0.0095984,0.017993,0.023122,0.085801,0.11438,0.088878,0.092393,0.1382,0.093739,0.26267,10.862
-0.018287,-0.019671,0.017825,0.018764,-0.022979,0.012818,0.0092147,-0.0065513,-0.015555,-0.0050664,0.029086,0.011007,0.017397,0.023595,0.085035,0.11506,0.089606,0.093411,0.13792,0.093856,0.26337,10.05
-0.017054,-0.018972,0.018353,0.018481,-0.02283,0.013842,0.0097521,-0.0065707,-0.01578,-0.0052272,0.028956,0.011076,0.017314,0.023516,0.085073,0.1152,0.089502,0.093379,0.13765,0.096794,0.26425,9.3015
-0.01676,-0.019992,0.018868,0.01957,-0.023145,0.013444,0.010274,-0.0071808,-0.016468,-0.0061597,0.027575,0.011988,0.017097,0.022221,0.085845,0.11465,0.089211,0.094804,0.13714,0.096728,0.26442,9.1604
-0.01888,-0.019651,0.021171,0.019711,-0.02354,0.013507,0.011008,-0.0065084,-0.016943,-0.0056088,0.027425,0.011973,0.017554,0.022177,0.085821,0.11444,0.089371,0.094763,0.13787,0.097086,0.26525,8.5271
-0.019403,-0.019678,0.020829,0.017976,-0.022972,0.013292,0.010307,-0.0047435,-0.016949,-0.0054466,0.0266,0.011588,0.016271,0.020876,0.086322,0.11495,0.089173,0.095404,0.13776,0.097261,0.26527,7.9352
-0.019431,-0.020586,0.019421,0.018718,-0.023382,0.014057,0.010159,-0.0044389,-0.017987,-0.0040187,0.025619,0.011554,0.016544,0.020888,0.086645,0.11506,0.090184,0.095271,0.13943,0.097739,0.26681,7.3546
-0.019578,-0.020599,0.019293,0.017857,-0.022455,0.014358,0.010817,-0.0044759,-0.018247,-0.0049568,0.026229,0.01212,0.01735,0.020386,0.086905,0.11505,0.09294,0.095473,0.1391,0.09749,0.26768,6.7772
-0.019945,-0.018177,0.018473,0.018772,-0.021613,0.013572,0.0112,-0.0044198,-0.018694,-0.0053557,0.02583,0.01217,0.017435,0.02103,0.087748,0.11583,0.092798,0.096457,0.13969,0.097421,0.26869,6.2009
-0.019948,-0.019415,0.018639,0.018675,-0.022354,0.012029,0.0116,-0.0039752,-0.018241,-0.0061434,0.025872,0.012016,0.016836,0.022643,0.089188,0.11669,0.093348,0.096001,0.13982,0.098173,0.27006,5.6273
-0.018959,-0.018778,0.019332,0.018457,-0.022888,0.011754,0.01037,-0.0037869,-0.018696,-0.0074483,0.026348,0.011984,0.016241,0.022363,0.08938,0.11533,0.09363,0.095715,0.14184,0.097955,0.27046,5.0674
-0.017493,-0.018512,0.019872,0.018051,-0.023067,0.010186,0.01107,-0.0035475,-0.017769,-0.00556,0.026479,0.011907,0.016756,0.022122,0.08924,0.11473,0.094154,0.09687,0.14216,0.09785,0.27067,4.5614
-0.018427,-0.018881,0.019238,0.018143,-0.022355,0.010432,0.011809,-0.0042748,-0.015374,-0.0059538,0.026581,0.012366,0.01639,0.021451,0.089256,0.11435,0.09383,0.09698,0.14364,0.098461,0.27129,4.0672
-0.018571,-0.01851,0.020093,0.017056,-0.022558,0.010907,0.010578,-0.0064409,-0.015097,-0.0052031,0.025703,0.012921,0.01579,0.022012,0.089876,0.11521,0.094355,0.097391,0.14378,0.098227,0.2721,3.587
-0.018503,-0.01829,0.020158,0.017591,-0.023358,0.010643,0.010018,-0.0066895,-0.014995,-0.0048447,0.027171,0.013039,0.016563,0.020058,0.091199,0.11669,0.094108,0.096766,0.14385,0.098381,0.27305,3.143
-0.01894,-0.017883,0.019452,0.016797,-0.025276,0.010675,0.009387,-0.0063777,-0.014235,-0.0057628,0.026283,0.01297,0.018501,0.020192,0.09074,0.11665,0.094037,0.097516,0.14373,0.098753,0.27326,2.776
-0.020172,-0.01818,0.018777,0.016974,-0.025368,0.0098189,0.0084213,-0.0072864,-0.014913,-0.0054855,0.027669,0.012123,0.018021,0.020196,0.090422,0.11569,0.094364,0.098787,0.14324,0.10001,0.27365,2.4179
-0.019825,-0.019053,0.019612,0.01747,-0.023675,0.0092329,0.0073538,-0.0074962,-0.014797,-0.0060247,0.027009,0.010688,0.019269,0.020053,0.089685,0.11669,0.094351,0.098966,0.1438,0.10032,0.27418,2.0606
-0.019444,-0.019762,0.019747,0.016741,-0.024047,0.010315,0.0083549,-0.0075416,-0.015403,-0.0064237,0.028256,0.010225,0.019189,0.0205,0.089477,0.11781,0.0936,0.1008,0.1448,0.099729,0.27557,1.7254
-0.019323,-0.019835,0.020219,0.018187,-0.024154,0.010918,0.0070399,-0.0062402,-0.014462,-0.0063499,0.028783,0.011634,0.018593,0.020972,0.088711,0.1185,0.094327,0.10182,0.14453,0.099847,0.27628,1.4127
-0.01809,-0.019136,0.020748,0.017904,-0.024005,0.011942,0.0075773,-0.0062595,-0.014688,-0.0065107,0.028653,0.011702,0.01851,0.020893,0.08875,0.11864,0.094223,0.10178,0.14426,0.10278,0.27716,1.1644
-0.017797,-0.020156,0.021263,0.018993,-0.024321,0.011543,0.0080995,-0.0068696,-0.015376,-0.0074432,0.027271,0.012614,0.018293,0.019599,0.089521,0.11809,0.093932,0.10321,0.14374,0.10272,0.27737,1.5233
-0.019917,-0.019815,0.023565,0.019135,-0.024716,0.011607,0.0088334,-0.0061972,-0.015851,-0.0068924,0.027122,0.0126,0.01875,0.019554,0.089497,0.11788,0.094092,0.10317,0.14447,0.10308,0.2782,1.39
-0.02044,-0.019842,0.023224,0.0174,-0.024147,0.011391,0.0081323,-0.0044323,-0.015857,-0.0067301,0.026297,0.012215,0.017467,0.018253,0.089998,0.11839,0.093895,0.10381,0.14436,0.10325,0.27827,1.2981
-0.020467,-0.02075,0.021816,0.018141,-0.024558,0.012156,0.0079847,-0.0041277,-0.016895,-0.0053022,0.025316,0.012181,0.01774,0.018265,0.090321,0.1185,0.094905,0.10368,0.14604,0.10373,0.27978,1.2175
-0.020614,-0.020763,0.021688,0.017281,-0.023631,0.012458,0.0086422,-0.0041647,-0.017155,-0.0062403,0.025925,0.012747,0.018546,0.017763,0.090581,0.11849,0.097661,0.10388,0.14571,0.10348,0.28066,1.1401
-0.020982,-0.018341,0.020868,0.018195,-0.022789,0.011671,0.0090253,-0.0041087,-0.017602,-0.0066392,0.025527,0.012797,0.018631,0.018407,0.091424,0.11926,0.09752,0.10486,0.14629,0.10341,0.28166,1.0638
-0.020985,-0.019579,0.021034,0.018098,-0.02353,0.010128,0.0094248,-0.003664,-0.017149,-0.0074269,0.025569,0.012643,0.018032,0.02002,0.092864,0.12012,0.09807,0.10441,0.14642,0.10416,0.28302,0.99024
-0.020823,-0.019351,0.021366,0.018875,-0.023699,0.011556,0.009313,-0.0033898,-0.016128,-0.0073555,0.025456,0.010598,0.017937,0.020179,0.094483,0.11932,0.098585,0.10488,0.14581,0.1037,0.28304,0.93028
-0.019834,-0.018714,0.022059,0.018657,-0.024233,0.011281,0.0080836,-0.0032016,-0.016583,-0.0086604,0.025932,0.010566,0.017342,0.019899,0.094675,0.11795,0.098867,0.1046,0.14783,0.10348,0.28347,0.87111
-0.018845,-0.018076,0.022753,0.018438,-0.024766,0.011007,0.0068542,-0.0030133,-0.017038,-0.0099652,0.026407,0.010534,0.016746,0.019619,0.094867,0.11659,0.099149,0.10431,0.14985,0.10326,0.28393,0.86509
