-0.00016052,0.00056152,0.00052806,0.00031373,9.8394e-05,0.00043843,0.00031122,0.00027609,-0.00018604,-0.00017438,-0.00010166,-9.0114e-05,0.00060145,-0.00060963,-0.0001139,0.00078428,0.00060968,0.0016119,0.00035396,0.00013703,0.00022679,-0.00019618,-0.0013143,-1.4279e-05,-0.00010063,-0.00018546,0.00014264,-0.00066046,0.00036136,0.00056031,-0.00016904,0.00055732,0.00043568,0.00036969,-0.00015117,-0.00021708,0.0001778,1.4616e-05,0.0030303,73.489
-0.00032103,0.001123,0.0010561,0.00062747,0.00019679,0.00087687,0.00062245,0.00055218,-0.00037209,-0.00034875,-0.00020332,-0.00018023,0.0012029,-0.0012193,-0.00022779,0.0015686,0.0012194,0.0032237,0.00070792,0.00027407,0.00045359,-0.00039236,-0.0026286,-2.8559e-05,-0.00020125,-0.00037092,0.00028527,-0.0013209,0.00072272,0.0011206,-0.00033807,0.0011146,0.00087137,0.00073938,-0.00030234,-0.00043417,0.00035561,2.9233e-05,0.0060606,73.746
-0.00048155,0.0016846,0.0015842,0.0009412,0.00029518,0.0013153,0.00093367,0.00082827,-0.00055813,-0.00052313,-0.00030498,-0.00027034,0.0018044,-0.0018289,-0.00034169,0.0023528,0.001829,0.0048356,0.0010619,0.0004111,0.00068038,-0.00058854,-0.0039429,-4.2838e-05,-0.00030188,-0.00055637,0.00042791,-0.0019814,0.0010841,0.0016809,-0.00050711,0.001672,0.001307,0.0011091,-0.00045351,-0.00065125,0.00053341,4.3849e-05,0.0090909,73.991
-0.00064207,0.0022461,0.0021122,0.0012549,0.00039358,0.0017537,0.0012449,0.0011044,-0.00074418,-0.0006975,-0.00040665,-0.00036046,0.0024058,-0.0024385,-0.00045559,0.0031371,0.0024387,0.0064475,0.0014158,0.00054814,0.00090718,-0.00078472,-0.0052572,-5.7118e-05,-0.00040251,-0.00074183,0.00057054,-0.0026418,0.0014454,0.0022412,-0.00067614,0.0022293,0.0017427,0.0014788,-0.00060469,-0.00086833,0.00071122,5.8466e-05,0.012121,74.016
-0.00080258,0.0028076,0.0026403,0.0015687,0.00049197,0.0021922,0.0015561,0.0013805,-0.00093022,-0.00087188,-0.00050831,-0.00045057,0.0030073,-0.0030481,-0.00056948,0.0039214,0.0030484,0.0080593,0.0017698,0.00068517,0.001134,-0.0009809,-0.0065715,-7.1397e-05,-0.00050313,-0.00092729,0.00071318,-0.0033023,0.0018068,0.0028016,-0.00084518,0.0027866,0.0021784,0.0018484,-0.00075586,-0.0010854,0.00088902,7.3082e-05,0.015152,74.05
-0.0009631,0.0033691,0.0031683,0.0018824,0.00059037,0.0026306,0.0018673,0.0016565,-0.0011163,-0.0010463,-0.00060997,-0.00054069,0.0036087,-0.0036578,-0.00068338,0.0047057,0.0036581,0.0096712,0.0021238,0.00082221,0.0013608,-0.0011771,-0.0078858,-8.5677e-05,-0.00060376,-0.0011127,0.00085581,-0.0039627,0.0021682,0.0033619,-0.0010142,0.0033439,0.0026141,0.0022181,-0.00090703,-0.0013025,0.0010668,8.7699e-05,0.018182,74.13
-0.0011236,0.0039306,0.0036964,0.0021961,0.00068876,0.003069,0.0021786,0.0019326,-0.0013023,-0.0012206,-0.00071163,-0.0006308,0.0042102,-0.0042674,-0.00079728,0.00549,0.0042677,0.011283,0.0024777,0.00095924,0.0015876,-0.0013733,-0.0092001,-9.9956e-05,-0.00070439,-0.0012982,0.00099845,-0.0046232,0.0025295,0.0039222,-0.0011833,0.0039013,0.0030498,0.0025878,-0.0010582,-0.0015196,0.0012446,0.00010232,0.021212,74.263
-0.0012841,0.0044922,0.0042245,0.0025099,0.00078715,0.0035075,0.0024898,0.0022087,-0.0014884,-0.001395,-0.00081329,-0.00072092,0.0048116,-0.004877,-0.00091117,0.0062742,0.0048774,0.012895,0.0028317,0.0010963,0.0018144,-0.0015694,-0.010514,-0.00011424,-0.00080501,-0.0014837,0.0011411,-0.0052836,0.0028909,0.0044825,-0.0013523,0.0044586,0.0034855,0.0029575,-0.0012094,-0.0017367,0.0014224,0.00011693,0.024242,74.455
-0.0014446,0.0050537,0.0047525,0.0028236,0.00088555,0.0039459,0.002801,0.0024848,-0.0016744,-0.0015694,-0.00091495,-0.00081103,0.0054131,-0.0054866,-0.0010251,0.0070585,0.0054871,0.014507,0.0031857,0.0012333,0.0020412,-0.0017656,-0.011829,-0.00012851,-0.00090564,-0.0016691,0.0012837,-0.0059441,0.0032523,0.0050428,-0.0015213,0.0050159,0.0039211,0.0033272,-0.0013605,-0.0019537,0.0016002,0.00013155,0.027273,74.717
-0.0016052,0.0056152,0.0052806,0.0031373,0.00098394,0.0043843,0.0031122,0.0027609,-0.0018604,-0.0017438,-0.0010166,-0.00090114,0.0060145,-0.0060963,-0.001139,0.0078428,0.0060968,0.016119,0.0035396,0.0013703,0.0022679,-0.0019618,-0.013143,-0.00014279,-0.0010063,-0.0018546,0.0014264,-0.0066046,0.0036136,0.0056031,-0.0016904,0.0055732,0.0043568,0.0036969,-0.0015117,-0.0021708,0.001778,0.00014616,0.030303,75.009
-0.0017657,0.0061767,0.0058086,0.0034511,0.0010823,0.0048228,0.0034235,0.003037,-0.0020465,-0.0019181,-0.0011183,-0.00099126,0.006616,-0.0067059,-0.0012529,0.0086271,0.0067065,0.01773,0.0038936,0.0015074,0.0024947,-0.002158,-0.014457,-0.00015707,-0.0011069,-0.00204,0.001569,-0.007265,0.003975,0.0061634,-0.0018594,0.0061306,0.0047925,0.0040666,-0.0016629,-0.0023879,0.0019558,0.00016078,0.033333,75.303
-0.0019262,0.0067382,0.0063367,0.0037648,0.0011807,0.0052612,0.0037347,0.0033131,-0.0022325,-0.0020925,-0.0012199,-0.0010814,0.0072174,-0.0073155,-0.0013668,0.0094114,0.0073161,0.019342,0.0042475,0.0016444,0.0027215,-0.0023542,-0.015772,-0.00017135,-0.0012075,-0.0022255,0.0017116,-0.0079255,0.0043363,0.0067237,-0.0020284,0.0066879,0.0052282,0.0044363,-0.0018141,-0.002605,0.0021337,0.0001754,0.036364,75.671
-0.0020867,0.0072998,0.0068647,0.0040785,0.0012791,0.0056996,0.0040459,0.0035892,-0.0024186,-0.0022669,-0.0013216,-0.0011715,0.0078189,-0.0079252,-0.0014807,0.010196,0.0079258,0.020954,0.0046015,0.0017815,0.0029483,-0.0025503,-0.017086,-0.00018563,-0.0013081,-0.0024109,0.0018543,-0.0085859,0.0046977,0.007284,-0.0021975,0.0072452,0.0056639,0.004806,-0.0019652,-0.0028221,0.0023115,0.00019001,0.039394,76.131
-0.0022472,0.0078613,0.0073928,0.0043923,0.0013775,0.0061381,0.0043571,0.0038653,-0.0026046,-0.0024413,-0.0014233,-0.0012616,0.0084203,-0.0085348,-0.0015946,0.01098,0.0085355,0.022566,0.0049555,0.0019185,0.0031751,-0.0027465,-0.0184,-0.00019991,-0.0014088,-0.0025964,0.0019969,-0.0092464,0.0050591,0.0078444,-0.0023665,0.0078025,0.0060996,0.0051756,-0.0021164,-0.0030392,0.0024893,0.00020463,0.042424,76.685
-0.0024077,0.0084228,0.0079208,0.004706,0.0014759,0.0065765,0.0046684,0.0041414,-0.0027907,-0.0026156,-0.0015249,-0.0013517,0.0090218,-0.0091444,-0.0017084,0.011764,0.0091452,0.024178,0.0053094,0.0020555,0.0034019,-0.0029427,-0.019715,-0.00021419,-0.0015094,-0.0027819,0.0021395,-0.0099068,0.0054204,0.0084047,-0.0025355,0.0083599,0.0065352,0.0055453,-0.0022676,-0.0032562,0.0026671,0.00021925,0.045455,77.326
-0.0025683,0.0089843,0.0084489,0.0050197,0.0015743,0.007015,0.0049796,0.0044174,-0.0029767,-0.00279,-0.0016266,-0.0014418,0.0096232,-0.009754,-0.0018223,0.012548,0.0097548,0.02579,0.0056634,0.0021926,0.0036287,-0.0031389,-0.021029,-0.00022847,-0.00161,-0.0029673,0.0022822,-0.010567,0.0057818,0.008965,-0.0027046,0.0089172,0.0069709,0.005915,-0.0024187,-0.0034733,0.0028449,0.00023386,0.048485,78.036
-0.0027288,0.0095458,0.008977,0.0053335,0.0016727,0.0074534,0.0052908,0.0046935,-0.0031628,-0.0029644,-0.0017282,-0.0015319,0.010225,-0.010364,-0.0019362,0.013333,0.010365,0.027402,0.0060174,0.0023296,0.0038555,-0.0033351,-0.022343,-0.00024275,-0.0017107,-0.0031528,0.0024248,-0.011228,0.0061431,0.0095253,-0.0028736,0.0094745,0.0074066,0.0062847,-0.0025699,-0.0036904,0.0030227,0.00024848,0.051515,78.669
-0.0028893,0.010107,0.009505,0.0056472,0.0017711,0.0078918,0.005602,0.0049696,-0.0033488,-0.0031388,-0.0018299,-0.0016221,0.010826,-0.010973,-0.0020501,0.014117,0.010974,0.029014,0.0063713,0.0024666,0.0040823,-0.0035312,-0.023657,-0.00025703,-0.0018113,-0.0033382,0.0025674,-0.011888,0.0065045,0.010086,-0.0030426,0.010032,0.0078423,0.0066544,-0.0027211,-0.0039075,0.0032005,0.0002631,0.054545,79.26
-0.0030498,0.010669,0.010033,0.0059609,0.0018695,0.0083303,0.0059133,0.0052457,-0.0035349,-0.0033131,-0.0019316,-0.0017122,0.011428,-0.011583,-0.002164,0.014901,0.011584,0.030625,0.0067253,0.0026037,0.0043091,-0.0037274,-0.024972,-0.00027131,-0.0019119,-0.0035237,0.0027101,-0.012549,0.0068659,0.010646,-0.0032117,0.010589,0.008278,0.0070241,-0.0028723,-0.0041246,0.0033783,0.00027771,0.057576,79.731
-0.0032103,0.01123,0.010561,0.0062747,0.0019679,0.0087687,0.0062245,0.0055218,-0.0037209,-0.0034875,-0.0020332,-0.0018023,0.012029,-0.012193,-0.0022779,0.015686,0.012194,0.032237,0.0070792,0.0027407,0.0045359,-0.0039236,-0.026286,-0.00028559,-0.0020125,-0.0037092,0.0028527,-0.013209,0.0072272,0.011206,-0.0033807,0.011146,0.0087137,0.0073938,-0.0030234,-0.0043417,0.0035561,0.00029233,0.060606,80.257
-0.0033708,0.011792,0.011089,0.0065884,0.0020663,0.0092071,0.0065357,0.0057979,-0.0039069,-0.0036619,-0.0021349,-0.0018924,0.012631,-0.012802,-0.0023918,0.01647,0.012803,0.033849,0.0074332,0.0028777,0.0047627,-0.0041198,-0.0276,-0.00029987,-0.0021132,-0.0038946,0.0029953,-0.01387,0.0075886,0.011767,-0.0035498,0.011704,0.0091493,0.0077635,-0.0031746,-0.0045587,0.0037339,0.00030695,0.063636,80.656
-0.0035314,0.012353,0.011617,0.0069021,0.0021647,0.0096456,0.0068469,0.006074,-0.004093,-0.0038363,-0.0022366,-0.0019825,0.013232,-0.013412,-0.0025057,0.017254,0.013413,0.035461,0.0077872,0.0030148,0.0049895,-0.004316,-0.028915,-0.00031415,-0.0022138,-0.0040801,0.003138,-0.01453,0.00795,0.012327,-0.0037188,0.012261,0.009585,0.0081332,-0.0033258,-0.0047758,0.0039117,0.00032156,0.066667,81.042
-0.0036919,0.012915,0.012145,0.0072159,0.0022631,0.010084,0.0071582,0.0063501,-0.004279,-0.0040106,-0.0023382,-0.0020726,0.013833,-0.014021,-0.0026196,0.018038,0.014023,0.037073,0.0081411,0.0031518,0.0052163,-0.0045121,-0.030229,-0.00032843,-0.0023144,-0.0042655,0.0032806,-0.01519,0.0083113,0.012887,-0.0038878,0.012818,0.010021,0.0085028,-0.0034769,-0.0049929,0.0040895,0.00033618,0.069697,81.437
-0.0038524,0.013476,0.012673,0.0075296,0.0023615,0.010522,0.0074694,0.0066262,-0.0044651,-0.004185,-0.0024399,-0.0021627,0.014435,-0.014631,-0.0027335,0.018823,0.014632,0.038685,0.0084951,0.0032888,0.0054431,-0.0047083,-0.031543,-0.00034271,-0.002415,-0.004451,0.0034232,-0.015851,0.0086727,0.013447,-0.0040569,0.013376,0.010456,0.0088725,-0.0036281,-0.00521,0.0042673,0.00035079,0.072727,81.886
-0.0040129,0.014038,0.013201,0.0078433,0.0024599,0.010961,0.0077806,0.0069023,-0.0046511,-0.0043594,-0.0025415,-0.0022529,0.015036,-0.015241,-0.0028474,0.019607,0.015242,0.040297,0.0088491,0.0034259,0.0056699,-0.0049045,-0.032858,-0.00035699,-0.0025157,-0.0046364,0.0035659,-0.016511,0.009034,0.014008,-0.0042259,0.013933,0.010892,0.0092422,-0.0037793,-0.0054271,0.0044451,0.00036541,0.075758,82.383
-0.0041734,0.0146,0.013729,0.0081571,0.0025583,0.011399,0.0080918,0.0071783,-0.0048372,-0.0045338,-0.0026432,-0.002343,0.015638,-0.01585,-0.0029613,0.020391,0.015852,0.041908,0.009203,0.0035629,0.0058967,-0.0051007,-0.034172,-0.00037127,-0.0026163,-0.0048219,0.0037085,-0.017172,0.0093954,0.014568,-0.0043949,0.01449,0.011328,0.0096119,-0.0039305,-0.0056441,0.0046229,0.00038003,0.078788,82.918
-0.0043339,0.015161,0.014258,0.0084708,0.0026566,0.011838,0.0084031,0.0074544,-0.0050232,-0.0047082,-0.0027449,-0.0024331,0.016239,-0.01646,-0.0030752,0.021176,0.016461,0.04352,0.009557,0.0036999,0.0061235,-0.0052969,-0.035486,-0.00038554,-0.0027169,-0.0050074,0.0038512,-0.017832,0.0097568,0.015128,-0.004564,0.015048,0.011763,0.0099816,-0.0040816,-0.0058612,0.0048007,0.00039464,0.081818,83.346
-0.0044945,0.015723,0.014786,0.0087845,0.002755,0.012276,0.0087143,0.0077305,-0.0052093,-0.0048825,-0.0028465,-0.0025232,0.016841,-0.01707,-0.0031891,0.02196,0.017071,0.045132,0.0099109,0.003837,0.0063503,-0.0054931,-0.0368,-0.00039982,-0.0028175,-0.0051928,0.0039938,-0.018493,0.010118,0.015689,-0.004733,0.015605,0.012199,0.010351,-0.0042328,-0.0060783,0.0049785,0.00040926,0.084848,83.803
-0.004655,0.016284,0.015314,0.0090983,0.0028534,0.012715,0.0090255,0.0080066,-0.0053953,-0.0050569,-0.0029482,-0.0026133,0.017442,-0.017679,-0.003303,0.022744,0.017681,0.046744,0.010265,0.003974,0.006577,-0.0056892,-0.038115,-0.0004141,-0.0029182,-0.0053783,0.0041364,-0.019153,0.010479,0.016249,-0.004902,0.016162,0.012635,0.010721,-0.004384,-0.0062954,0.0051563,0.00042388,0.087879,84.309
-0.0048155,0.016846,0.015842,0.009412,0.0029518,0.013153,0.0093367,0.0082827,-0.0055813,-0.0052313,-0.0030498,-0.0027034,0.018044,-0.018289,-0.0034169,0.023528,0.01829,0.048356,0.010619,0.004111,0.0068038,-0.0058854,-0.039429,-0.00042838,-0.0030188,-0.0055637,0.0042791,-0.019814,0.010841,0.016809,-0.0050711,0.01672,0.01307,0.011091,-0.0045351,-0.0065125,0.0053341,0.00043849,0.090909,84.866
-0.004976,0.017407,0.01637,0.0097257,0.0030502,0.013591,0.009648,0.0085588,-0.0057674,-0.0054057,-0.0031515,-0.0027935,0.018645,-0.018898,-0.0035308,0.024313,0.0189,0.049968,0.010973,0.0042481,0.0070306,-0.0060816,-0.040743,-0.00044266,-0.0031194,-0.0057492,0.0044217,-0.020474,0.011202,0.01737,-0.0052401,0.017277,0.013506,0.01146,-0.0046863,-0.0067296,0.0055119,0.00045311,0.093939,85.384
-0.0051365,0.017969,0.016898,0.010039,0.0031486,0.01403,0.0099592,0.0088349,-0.0059534,-0.00558,-0.0032532,-0.0028837,0.019246,-0.019508,-0.0036447,0.025097,0.01951,0.05158,0.011327,0.0043851,0.0072574,-0.0062778,-0.042058,-0.00045694,-0.00322,-0.0059346,0.0045643,-0.021135,0.011564,0.01793,-0.0054091,0.017834,0.013942,0.01183,-0.0048375,-0.0069466,0.0056897,0.00046773,0.09697,85.868
-0.005297,0.01853,0.017426,0.010353,0.003247,0.014468,0.01027,0.009111,-0.0061395,-0.0057544,-0.0033548,-0.0029738,0.019848,-0.020118,-0.0037586,0.025881,0.020119,0.053191,0.011681,0.0045221,0.0074842,-0.006474,-0.043372,-0.00047122,-0.0033207,-0.0061201,0.004707,-0.021795,0.011925,0.01849,-0.0055782,0.018392,0.014378,0.0122,-0.0049887,-0.0071637,0.0058675,0.00048234,0.1,86.413
-0.0054576,0.019092,0.017954,0.010667,0.0033454,0.014907,0.010582,0.0093871,-0.0063255,-0.0059288,-0.0034565,-0.0030639,0.020449,-0.020727,-0.0038725,0.026666,0.020729,0.054803,0.012035,0.0046592,0.007711,-0.0066701,-0.044686,-0.0004855,-0.0034213,-0.0063056,0.0048496,-0.022456,0.012286,0.019051,-0.0057472,0.018949,0.014813,0.012569,-0.0051398,-0.0073808,0.0060453,0.00049696,0.10303,86.914
-0.0056181,0.019653,0.018482,0.010981,0.0034438,0.015345,0.010893,0.0096632,-0.0065116,-0.0061032,-0.0035582,-0.003154,0.021051,-0.021337,-0.0039864,0.02745,0.021339,0.056415,0.012389,0.0047962,0.0079378,-0.0068663,-0.046001,-0.00049978,-0.0035219,-0.006491,0.0049922,-0.023116,0.012648,0.019611,-0.0059163,0.019506,0.015249,0.012939,-0.005291,-0.0075979,0.0062232,0.00051158,0.10606,87.431
-0.0057786,0.020215,0.01901,0.011294,0.0035422,0.015784,0.011204,0.0099393,-0.0066976,-0.0062775,-0.0036598,-0.0032441,0.021652,-0.021947,-0.0041003,0.028234,0.021948,0.058027,0.012743,0.0049333,0.0081646,-0.0070625,-0.047315,-0.00051406,-0.0036226,-0.0066765,0.0051349,-0.023776,0.013009,0.020171,-0.0060853,0.020064,0.015685,0.013309,-0.0054422,-0.007815,0.006401,0.00052619,0.10909,87.926
-0.0059391,0.020776,0.019538,0.011608,0.0036406,0.016222,0.011515,0.010215,-0.0068837,-0.0064519,-0.0037615,-0.0033342,0.022254,-0.022556,-0.0042142,0.029018,0.022558,0.059639,0.013097,0.0050703,0.0083914,-0.0072587,-0.048629,-0.00052834,-0.0037232,-0.0068619,0.0052775,-0.024437,0.01337,0.020732,-0.0062543,0.020621,0.01612,0.013678,-0.0055933,-0.0080321,0.0065788,0.00054081,0.11212,88.328
-0.0060996,0.021338,0.020066,0.011922,0.003739,0.016661,0.011827,0.010491,-0.0070697,-0.0066263,-0.0038631,-0.0034244,0.022855,-0.023166,-0.0043281,0.029803,0.023168,0.061251,0.013451,0.0052073,0.0086182,-0.0074549,-0.049943,-0.00054262,-0.0038238,-0.0070474,0.0054201,-0.025097,0.013732,0.021292,-0.0064234,0.021178,0.016556,0.014048,-0.0057445,-0.0082491,0.0067566,0.00055543,0.11515,88.75
-0.0062601,0.021899,0.020594,0.012236,0.0038374,0.017099,0.012138,0.010768,-0.0072558,-0.0068007,-0.0039648,-0.0035145,0.023457,-0.023775,-0.004442,0.030587,0.023777,0.062863,0.013805,0.0053444,0.008845,-0.007651,-0.051258,-0.0005569,-0.0039244,-0.0072328,0.0055628,-0.025758,0.014093,0.021852,-0.0065924,0.021736,0.016992,0.014418,-0.0058957,-0.0084662,0.0069344,0.00057004,0.11818,89.195
-0.0064207,0.022461,0.021122,0.012549,0.0039358,0.017537,0.012449,0.011044,-0.0074418,-0.006975,-0.0040665,-0.0036046,0.024058,-0.024385,-0.0045559,0.031371,0.024387,0.064475,0.014158,0.0054814,0.0090718,-0.0078472,-0.052572,-0.00057118,-0.0040251,-0.0074183,0.0057054,-0.026418,0.014454,0.022412,-0.0067614,0.022293,0.017427,0.014788,-0.0060469,-0.0086833,0.0071122,0.00058466,0.12121,89.665
-0.0065812,0.023022,0.02165,0.012863,0.0040342,0.017976,0.01276,0.01132,-0.0076278,-0.0071494,-0.0041681,-0.0036947,0.02466,-0.024995,-0.0046698,0.032155,0.024997,0.066086,0.014512,0.0056184,0.0092986,-0.0080434,-0.053886,-0.00058546,-0.0041257,-0.0076038,0.005848,-0.027079,0.014816,0.022973,-0.0069305,0.02285,0.017863,0.015157,-0.006198,-0.0089004,0.00729,0.00059927,0.12424,90.093
-0.0067417,0.023584,0.022178,0.013177,0.0041326,0.018414,0.013071,0.011596,-0.0078139,-0.0073238,-0.0042698,-0.0037848,0.025261,-0.025604,-0.0047837,0.03294,0.025606,0.067698,0.014866,0.0057555,0.0095254,-0.0082396,-0.055201,-0.00059974,-0.0042263,-0.0077892,0.0059907,-0.027739,0.015177,0.023533,-0.0070995,0.023408,0.018299,0.015527,-0.0063492,-0.0091175,0.0074678,0.00061389,0.12727,90.454
-0.0069022,0.024145,0.022706,0.013491,0.004231,0.018853,0.013383,0.011872,-0.0079999,-0.0074982,-0.0043714,-0.0038749,0.025862,-0.026214,-0.0048976,0.033724,0.026216,0.06931,0.01522,0.0058925,0.0097522,-0.0084358,-0.056515,-0.00061402,-0.0043269,-0.0079747,0.0061333,-0.0284,0.015539,0.024093,-0.0072685,0.023965,0.018734,0.015897,-0.0065004,-0.0093345,0.0076456,0.00062851,0.1303,90.546
-0.0070627,0.024707,0.023234,0.013804,0.0043294,0.019291,0.013694,0.012148,-0.008186,-0.0076725,-0.0044731,-0.003965,0.026464,-0.026824,-0.0050115,0.034508,0.026826,0.070922,0.015574,0.0060295,0.009979,-0.0086319,-0.057829,-0.0006283,-0.0044276,-0.0081601,0.006276,-0.02906,0.0159,0.024654,-0.0074376,0.024522,0.01917,0.016266,-0.0066515,-0.0095516,0.0078234,0.00064312,0.13333,90.604
-0.0072232,0.025268,0.023763,0.014118,0.0044277,0.01973,0.014005,0.012424,-0.008372,-0.0078469,-0.0045748,-0.0040552,0.027065,-0.027433,-0.0051253,0.035293,0.027435,0.072534,0.015928,0.0061666,0.010206,-0.0088281,-0.059144,-0.00064257,-0.0045282,-0.0083456,0.0064186,-0.029721,0.016261,0.025214,-0.0076066,0.02508,0.019606,0.016636,-0.0068027,-0.0097687,0.0080012,0.00065774,0.13636,90.663
-0.0073838,0.02583,0.024291,0.014432,0.0045261,0.020168,0.014316,0.0127,-0.0085581,-0.0080213,-0.0046764,-0.0041453,0.027667,-0.028043,-0.0052392,0.036077,0.028045,0.074146,0.016282,0.0063036,0.010433,-0.0090243,-0.060458,-0.00065685,-0.0046288,-0.0085311,0.0065612,-0.030381,0.016623,0.025774,-0.0077757,0.025637,0.020041,0.017006,-0.0069539,-0.0099858,0.008179,0.00067236,0.13939,90.773
-0.0075443,0.026391,0.024819,0.014745,0.0046245,0.020606,0.014628,0.012976,-0.0087441,-0.0081957,-0.0047781,-0.0042354,0.028268,-0.028652,-0.0053531,0.036861,0.028655,0.075758,0.016636,0.0064406,0.010659,-0.0092205,-0.061772,-0.00067113,-0.0047294,-0.0087165,0.0067039,-0.031041,0.016984,0.026335,-0.0079447,0.026194,0.020477,0.017375,-0.0071051,-0.010203,0.0083568,0.00068697,0.14242,90.953
-0.0077048,0.026953,0.025347,0.015059,0.0047229,0.021045,0.014939,0.013252,-0.0089302,-0.0083701,-0.0048798,-0.0043255,0.02887,-0.029262,-0.005467,0.037645,0.029265,0.077369,0.01699,0.0065777,0.010886,-0.0094167,-0.063086,-0.00068541,-0.0048301,-0.008902,0.0068465,-0.031702,0.017345,0.026895,-0.0081137,0.026752,0.020913,0.017745,-0.0072562,-0.01042,0.0085346,0.00070159,0.14545,90.703
-0.0078653,0.027514,0.025875,0.015373,0.0048213,0.021483,0.01525,0.013528,-0.0091162,-0.0085444,-0.0049814,-0.0044156,0.029471,-0.029872,-0.0055809,0.03843,0.029874,0.078981,0.017344,0.0067147,0.011113,-0.0096128,-0.064401,-0.00069969,-0.0049307,-0.0090874,0.0069891,-0.032362,0.017707,0.027455,-0.0082828,0.027309,0.021348,0.018115,-0.0074074,-0.010637,0.0087124,0.00071621,0.14848,90.466
-0.0080258,0.028076,0.026403,0.015687,0.0049197,0.021922,0.015561,0.013805,-0.0093022,-0.0087188,-0.0050831,-0.0045057,0.030073,-0.030481,-0.0056948,0.039214,0.030484,0.080593,0.017698,0.0068517,0.01134,-0.009809,-0.065715,-0.00071397,-0.0050313,-0.0092729,0.0071318,-0.033023,0.018068,0.028016,-0.0084518,0.027866,0.021784,0.018484,-0.0075586,-0.010854,0.0088902,0.00073082,0.15152,90.233
-0.0081863,0.028637,0.026931,0.016,0.0050181,0.02236,0.015872,0.014081,-0.0094883,-0.0088932,-0.0051847,-0.0045958,0.030674,-0.031091,-0.0058087,0.039998,0.031094,0.082205,0.018052,0.0069888,0.011567,-0.010005,-0.067029,-0.00072825,-0.005132,-0.0094583,0.0072744,-0.033683,0.018429,0.028576,-0.0086208,0.028424,0.02222,0.018854,-0.0077097,-0.011071,0.009068,0.00074544,0.15455,89.909
-0.0083469,0.029199,0.027459,0.016314,0.0051165,0.022799,0.016184,0.014357,-0.0096743,-0.0090676,-0.0052864,-0.004686,0.031276,-0.031701,-0.0059226,0.040783,0.031703,0.083817,0.018406,0.0071258,0.011793,-0.010201,-0.068344,-0.00074253,-0.0052326,-0.0096438,0.007417,-0.034344,0.018791,0.029136,-0.0087899,0.028981,0.022655,0.019224,-0.0078609,-0.011288,0.0092458,0.00076006,0.15758,89.588
-0.0085074,0.029761,0.027987,0.016628,0.0052149,0.023237,0.016495,0.014633,-0.0098604,-0.0092419,-0.0053881,-0.0047761,0.031877,-0.03231,-0.0060365,0.041567,0.032313,0.085429,0.01876,0.0072628,0.01202,-0.010398,-0.069658,-0.00075681,-0.0053332,-0.0098293,0.0075597,-0.035004,0.019152,0.029696,-0.0089589,0.029538,0.023091,0.019594,-0.0080121,-0.011505,0.0094236,0.00077467,0.16061,89.234
-0.0086679,0.030322,0.028515,0.016942,0.0053133,0.023675,0.016806,0.014909,-0.010046,-0.0094163,-0.0054897,-0.0048662,0.032478,-0.03292,-0.0061504,0.042351,0.032923,0.087041,0.019114,0.0073999,0.012247,-0.010594,-0.070972,-0.00077109,-0.0054338,-0.010015,0.0077023,-0.035665,0.019514,0.030257,-0.0091279,0.030095,0.023527,0.019963,-0.0081633,-0.011722,0.0096014,0.00078929,0.16364,88.916
-0.0088284,0.030884,0.029043,0.017255,0.0054117,0.024114,0.017117,0.015185,-0.010232,-0.0095907,-0.0055914,-0.0049563,0.03308,-0.03353,-0.0062643,0.043135,0.033532,0.088652,0.019468,0.0075369,0.012474,-0.01079,-0.072287,-0.00078537,-0.0055345,-0.0102,0.0078449,-0.036325,0.019875,0.030817,-0.009297,0.030653,0.023963,0.020333,-0.0083144,-0.01194,0.0097792,0.0008039,0.16667,88.632
-0.0089889,0.031445,0.029571,0.017569,0.0055101,0.024552,0.017429,0.015461,-0.010419,-0.0097651,-0.005693,-0.0050464,0.033681,-0.034139,-0.0063782,0.04392,0.034142,0.090264,0.019822,0.0076739,0.012701,-0.010986,-0.073601,-0.00079965,-0.0056351,-0.010386,0.0079876,-0.036986,0.020236,0.031377,-0.009466,0.03121,0.024398,0.020703,-0.0084656,-0.012157,0.009957,0.00081852,0.1697,88.396
-0.0091494,0.032007,0.030099,0.017883,0.0056085,0.024991,0.01774,0.015737,-0.010605,-0.0099394,-0.0057947,-0.0051365,0.034283,-0.034749,-0.0064921,0.044704,0.034752,0.091876,0.020176,0.007811,0.012927,-0.011182,-0.074915,-0.00081393,-0.0057357,-0.010571,0.0081302,-0.037646,0.020598,0.031938,-0.009635,0.031767,0.024834,0.021072,-0.0086168,-0.012374,0.010135,0.00083314,0.17273,88.216
-0.00931,0.032568,0.030627,0.018197,0.0057069,0.025429,0.018051,0.016013,-0.010791,-0.010114,-0.0058964,-0.0052266,0.034884,-0.035358,-0.006606,0.045488,0.035361,0.093488,0.02053,0.007948,0.013154,-0.011378,-0.07623,-0.00082821,-0.0058363,-0.010757,0.0082728,-0.038306,0.020959,0.032498,-0.0098041,0.032325,0.02527,0.021442,-0.0087679,-0.012591,0.010313,0.00084775,0.17576,88.067
-0.0094705,0.03313,0.031155,0.01851,0.0058053,0.025868,0.018362,0.016289,-0.010977,-0.010288,-0.005998,-0.0053168,0.035486,-0.035968,-0.0067199,0.046272,0.035971,0.0951,0.020884,0.0080851,0.013381,-0.011575,-0.077544,-0.00084249,-0.005937,-0.010942,0.0084155,-0.038967,0.02132,0.033058,-0.0099731,0.032882,0.025705,0.021812,-0.0089191,-0.012808,0.01049,0.00086237,0.17879,87.962
-0.009631,0.033691,0.031683,0.018824,0.0059037,0.026306,0.018673,0.016565,-0.011163,-0.010463,-0.0060997,-0.0054069,0.036087,-0.036578,-0.0068338,0.047057,0.036581,0.096712,0.021238,0.0082221,0.013608,-0.011771,-0.078858,-0.00085677,-0.0060376,-0.011127,0.0085581,-0.039627,0.021682,0.033619,-0.010142,0.033439,0.026141,0.022181,-0.0090703,-0.013025,0.010668,0.00087699,0.18182,87.927
-0.0097915,0.034253,0.032211,0.019138,0.0060021,0.026744,0.018985,0.016842,-0.011349,-0.010637,-0.0062014,-0.005497,0.036689,-0.037187,-0.0069477,0.047841,0.03719,0.098324,0.021592,0.0083591,0.013834,-0.011967,-0.080172,-0.00087105,-0.0061382,-0.011313,0.0087008,-0.040288,0.022043,0.034179,-0.010311,0.033997,0.026577,0.022551,-0.0092215,-0.013242,0.010846,0.0008916,0.18485,87.919
-0.009952,0.034814,0.032739,0.019451,0.0061004,0.027183,0.019296,0.017118,-0.011535,-0.010811,-0.006303,-0.0055871,0.03729,-0.037797,-0.0070616,0.048625,0.0378,0.099936,0.021946,0.0084962,0.014061,-0.012163,-0.081487,-0.00088533,-0.0062388,-0.011498,0.0088434,-0.040948,0.022404,0.034739,-0.01048,0.034554,0.027012,0.022921,-0.0093726,-0.013459,0.011024,0.00090622,0.18788,87.911
-0.010113,0.035376,0.033268,0.019765,0.0061988,0.027621,0.019607,0.017394,-0.011721,-0.010986,-0.0064047,-0.0056772,0.037892,-0.038407,-0.0071755,0.04941,0.03841,0.10155,0.0223,0.0086332,0.014288,-0.012359,-0.082801,-0.0008996,-0.0063395,-0.011684,0.008986,-0.041609,0.022766,0.0353,-0.010649,0.035111,0.027448,0.02329,-0.0095238,-0.013676,0.011202,0.00092084,0.19091,87.835
-0.010273,0.035937,0.033796,0.020079,0.0062972,0.02806,0.019918,0.01767,-0.011907,-0.01116,-0.0065063,-0.0057673,0.038493,-0.039016,-0.0072894,0.050194,0.039019,0.10316,0.022654,0.0087702,0.014515,-0.012556,-0.084115,-0.00091388,-0.0064401,-0.011869,0.0091287,-0.042269,0.023127,0.03586,-0.010818,0.035669,0.027884,0.02366,-0.009675,-0.013893,0.011379,0.00093545,0.19394,87.74
-0.010434,0.036499,0.034324,0.020393,0.0063956,0.028498,0.02023,0.017946,-0.012093,-0.011334,-0.006608,-0.0058574,0.039094,-0.039626,-0.0074033,0.050978,0.039629,0.10477,0.023008,0.0089073,0.014742,-0.012752,-0.08543,-0.00092816,-0.0065407,-0.012055,0.0092713,-0.04293,0.023489,0.03642,-0.010987,0.036226,0.028319,0.02403,-0.0098261,-0.01411,0.011557,0.00095007,0.19697,87.674
-0.010594,0.03706,0.034852,0.020706,0.006494,0.028937,0.020541,0.018222,-0.012279,-0.011509,-0.0067097,-0.0059476,0.039696,-0.040235,-0.0075172,0.051762,0.040239,0.10638,0.023361,0.0090443,0.014968,-0.012948,-0.086744,-0.00094244,-0.0066413,-0.01224,0.0094139,-0.04359,0.02385,0.036981,-0.011156,0.036783,0.028755,0.024399,-0.0099773,-0.014327,0.011735,0.00096469,0.2,87.637
-0.010755,0.037622,0.03538,0.02102,0.0065924,0.029375,0.020852,0.018498,-0.012465,-0.011683,-0.0068113,-0.0060377,0.040297,-0.040845,-0.0076311,0.052547,0.040848,0.10799,0.023715,0.0091813,0.015195,-0.013144,-0.088058,-0.00095672,-0.006742,-0.012426,0.0095566,-0.044251,0.024211,0.037541,-0.011325,0.037341,0.029191,0.024769,-0.010128,-0.014545,0.011913,0.0009793,0.20303,87.612
-0.010915,0.038183,0.035908,0.021334,0.0066908,0.029814,0.021163,0.018774,-0.012651,-0.011858,-0.006913,-0.0061278,0.040899,-0.041455,-0.007745,0.053331,0.041458,0.10961,0.024069,0.0093184,0.015422,-0.01334,-0.089373,-0.000971,-0.0068426,-0.012611,0.0096992,-0.044911,0.024573,0.038101,-0.011494,0.037898,0.029626,0.025139,-0.01028,-0.014762,0.012091,0.00099392,0.20606,87.617
-0.011076,0.038745,0.036436,0.021648,0.0067892,0.030252,0.021475,0.01905,-0.012837,-0.012032,-0.0070146,-0.0062179,0.0415,-0.042064,-0.0078589,0.054115,0.042068,0.11122,0.024423,0.0094554,0.015649,-0.013536,-0.090687,-0.00098528,-0.0069432,-0.012797,0.0098418,-0.045571,0.024934,0.038661,-0.011663,0.038455,0.030062,0.025509,-0.010431,-0.014979,0.012268,0.0010085,0.20909,87.641
-0.011236,0.039306,0.036964,0.021961,0.0068876,0.03069,0.021786,0.019326,-0.013023,-0.012206,-0.0071163,-0.006308,0.042102,-0.042674,-0.0079728,0.0549,0.042677,0.11283,0.024777,0.0095924,0.015876,-0.013733,-0.092001,-0.00099956,-0.0070439,-0.012982,0.0099845,-0.046232,0.025295,0.039222,-0.011833,0.039013,0.030498,0.025878,-0.010582,-0.015196,0.012446,0.0010232,0.21212,87.696
-0.011397,0.039868,0.037492,0.022275,0.006986,0.031129,0.022097,0.019602,-0.013209,-0.012381,-0.007218,-0.0063981,0.042703,-0.043284,-0.0080867,0.055684,0.043287,0.11444,0.025131,0.0097295,0.016102,-0.013929,-0.093315,-0.0010138,-0.0071445,-0.013167,0.010127,-0.046892,0.025657,0.039782,-0.012002,0.03957,0.030933,0.026248,-0.010733,-0.015413,0.012624,0.0010378,0.21515,87.762
-0.011557,0.040429,0.03802,0.022589,0.0070844,0.031567,0.022408,0.019879,-0.013395,-0.012555,-0.0073196,-0.0064882,0.043305,-0.043893,-0.0082006,0.056468,0.043897,0.11605,0.025485,0.0098665,0.016329,-0.014125,-0.09463,-0.0010281,-0.0072451,-0.013353,0.01027,-0.047553,0.026018,0.040342,-0.012171,0.040127,0.031369,0.026618,-0.010884,-0.01563,0.012802,0.0010524,0.21818,87.815
-0.011718,0.040991,0.038548,0.022902,0.0071828,0.032006,0.022719,0.020155,-0.013581,-0.012729,-0.0074213,-0.0065784,0.043906,-0.044503,-0.0083145,0.057252,0.044506,0.11767,0.025839,0.010004,0.016556,-0.014321,-0.095944,-0.0010424,-0.0073457,-0.013538,0.010412,-0.048213,0.026379,0.040903,-0.01234,0.040685,0.031805,0.026987,-0.011036,-0.015847,0.01298,0.001067,0.22121,87.862
-0.011878,0.041552,0.039076,0.023216,0.0072812,0.032444,0.023031,0.020431,-0.013767,-0.012904,-0.007523,-0.0066685,0.044507,-0.045112,-0.0084284,0.058037,0.045116,0.11928,0.026193,0.010141,0.016783,-0.014517,-0.097258,-0.0010567,-0.0074464,-0.013724,0.010555,-0.048874,0.026741,0.041463,-0.012509,0.041242,0.032241,0.027357,-0.011187,-0.016064,0.013158,0.0010816,0.22424,87.928
-0.012039,0.042114,0.039604,0.02353,0.0073796,0.032883,0.023342,0.020707,-0.013953,-0.013078,-0.0076246,-0.0067586,0.045109,-0.045722,-0.0085422,0.058821,0.045726,0.12089,0.026547,0.010278,0.01701,-0.014714,-0.098573,-0.001071,-0.007547,-0.013909,0.010698,-0.049534,0.027102,0.042023,-0.012678,0.041799,0.032676,0.027727,-0.011338,-0.016281,0.013335,0.0010962,0.22727,87.668
-0.012199,0.042675,0.040132,0.023844,0.007478,0.033321,0.023653,0.020983,-0.014139,-0.013253,-0.0077263,-0.0068487,0.04571,-0.046332,-0.0086561,0.059605,0.046335,0.1225,0.026901,0.010415,0.017236,-0.01491,-0.099887,-0.0010852,-0.0076476,-0.014095,0.01084,-0.050195,0.027463,0.042584,-0.012847,0.042357,0.033112,0.028096,-0.011489,-0.016498,0.013513,0.0011109,0.2303,87.247
-0.01236,0.043237,0.04066,0.024157,0.0075764,0.033759,0.023964,0.021259,-0.014325,-0.013427,-0.0078279,-0.0069388,0.046312,-0.046941,-0.00877,0.06039,0.046945,0.12411,0.027255,0.010552,0.017463,-0.015106,-0.1012,-0.0010995,-0.0077482,-0.01428,0.010983,-0.050855,0.027825,0.043144,-0.013016,0.042914,0.033548,0.028466,-0.01164,-0.016715,0.013691,0.0011255,0.23333,86.809
-0.01252,0.043799,0.041188,0.024471,0.0076748,0.034198,0.024276,0.021535,-0.014512,-0.013601,-0.0079296,-0.0070289,0.046913,-0.047551,-0.0088839,0.061174,0.047555,0.12573,0.027609,0.010689,0.01769,-0.015302,-0.10252,-0.0011138,-0.0078489,-0.014466,0.011126,-0.051516,0.028186,0.043704,-0.013185,0.043471,0.033983,0.028836,-0.011791,-0.016932,0.013869,0.0011401,0.23636,86.411
-0.012681,0.04436,0.041716,0.024785,0.0077732,0.034636,0.024587,0.021811,-0.014698,-0.013776,-0.0080313,-0.007119,0.047515,-0.048161,-0.0089978,0.061958,0.048165,0.12734,0.027963,0.010826,0.017917,-0.015498,-0.10383,-0.0011281,-0.0079495,-0.014651,0.011268,-0.052176,0.028548,0.044265,-0.013354,0.044029,0.034419,0.029205,-0.011943,-0.01715,0.014047,0.0011547,0.23939,86.053
-0.012841,0.044922,0.042245,0.025099,0.0078715,0.035075,0.024898,0.022087,-0.014884,-0.01395,-0.0081329,-0.0072092,0.048116,-0.04877,-0.0091117,0.062742,0.048774,0.12895,0.028317,0.010963,0.018144,-0.015694,-0.10514,-0.0011424,-0.0080501,-0.014837,0.011411,-0.052836,0.028909,0.044825,-0.013523,0.044586,0.034855,0.029575,-0.012094,-0.017367,0.014224,0.0011693,0.24242,85.632
-0.013002,0.045483,0.042773,0.025412,0.0079699,0.035513,0.025209,0.022363,-0.01507,-0.014124,-0.0082346,-0.0072993,0.048718,-0.04938,-0.0092256,0.063527,0.049384,0.13056,0.028671,0.0111,0.01837,-0.015891,-0.10646,-0.0011566,-0.0081507,-0.015022,0.011553,-0.053497,0.02927,0.045385,-0.013692,0.045143,0.03529,0.029945,-0.012245,-0.017584,0.014402,0.0011839,0.24545,85.186
-0.013162,0.046045,0.043301,0.025726,0.0080683,0.035952,0.02552,0.022639,-0.015256,-0.014299,-0.0083362,-0.0073894,0.049319,-0.049989,-0.0093395,0.064311,0.049994,0.13217,0.029025,0.011237,0.018597,-0.016087,-0.10777,-0.0011709,-0.0082514,-0.015208,0.011696,-0.054157,0.029632,0.045945,-0.013861,0.045701,0.035726,0.030314,-0.012396,-0.017801,0.01458,0.0011985,0.24848,84.777
-0.013323,0.046606,0.043829,0.02604,0.0081667,0.03639,0.025832,0.022915,-0.015442,-0.014473,-0.0084379,-0.0074795,0.049921,-0.050599,-0.0094534,0.065095,0.050603,0.13378,0.029379,0.011374,0.018824,-0.016283,-0.10909,-0.0011852,-0.008352,-0.015393,0.011839,-0.054818,0.029993,0.046506,-0.01403,0.046258,0.036162,0.030684,-0.012547,-0.018018,0.014758,0.0012132,0.25152,84.371
-0.013483,0.047168,0.044357,0.026354,0.0082651,0.036828,0.026143,0.023192,-0.015628,-0.014648,-0.0085396,-0.0075696,0.050522,-0.051209,-0.0095673,0.065879,0.051213,0.1354,0.029733,0.011511,0.019051,-0.016479,-0.1104,-0.0011995,-0.0084526,-0.015578,0.011981,-0.055478,0.030354,0.047066,-0.014199,0.046815,0.036597,0.031054,-0.012698,-0.018235,0.014936,0.0012278,0.25455,83.959
-0.013644,0.047729,0.044885,0.026667,0.0083635,0.037267,0.026454,0.023468,-0.015814,-0.014822,-0.0086412,-0.0076597,0.051123,-0.051818,-0.0096812,0.066664,0.051823,0.13701,0.030087,0.011648,0.019278,-0.016675,-0.11172,-0.0012138,-0.0085533,-0.015764,0.012124,-0.056139,0.030716,0.047626,-0.014368,0.047373,0.037033,0.031424,-0.01285,-0.018452,0.015113,0.0012424,0.25758,83.56
-0.013804,0.048291,0.045413,0.026981,0.0084619,0.037705,0.026765,0.023744,-0.016,-0.014996,-0.0087429,-0.0077498,0.051725,-0.052428,-0.0097951,0.067448,0.052432,0.13862,0.030441,0.011785,0.019504,-0.016872,-0.11303,-0.001228,-0.0086539,-0.015949,0.012267,-0.056799,0.031077,0.048187,-0.014537,0.04793,0.037469,0.031793,-0.013001,-0.018669,0.015291,0.001257,0.26061,83.155
-0.013965,0.048852,0.045941,0.027295,0.0085603,0.038144,0.027077,0.02402,-0.016186,-0.015171,-0.0088446,-0.00784,0.052326,-0.053038,-0.009909,0.068232,0.053042,0.14023,0.030795,0.011922,0.019731,-0.017068,-0.11434,-0.0012423,-0.0087545,-0.016135,0.012409,-0.05746,0.031438,0.048747,-0.014706,0.048487,0.037904,0.032163,-0.013152,-0.018886,0.015469,0.0012716,0.26364,82.713
-0.014125,0.049414,0.046469,0.027608,0.0086587,0.038582,0.027388,0.024296,-0.016372,-0.015345,-0.0089462,-0.0079301,0.052928,-0.053647,-0.010023,0.069017,0.053652,0.14184,0.031149,0.012059,0.019958,-0.017264,-0.11566,-0.0012566,-0.0088551,-0.01632,0.012552,-0.05812,0.0318,0.049307,-0.014875,0.049045,0.03834,0.032533,-0.013303,-0.019103,0.015647,0.0012862,0.26667,82.285
-0.014286,0.049975,0.046997,0.027922,0.0087571,0.039021,0.027699,0.024572,-0.016558,-0.015519,-0.0090479,-0.0080202,0.053529,-0.054257,-0.010137,0.069801,0.054261,0.14346,0.031503,0.012196,0.020185,-0.01746,-0.11697,-0.0012709,-0.0089558,-0.016506,0.012695,-0.058781,0.032161,0.049868,-0.015044,0.049602,0.038776,0.032902,-0.013454,-0.01932,0.015825,0.0013009,0.2697,81.901
-0.014446,0.050537,0.047525,0.028236,0.0088555,0.039459,0.02801,0.024848,-0.016744,-0.015694,-0.0091495,-0.0081103,0.054131,-0.054866,-0.010251,0.070585,0.054871,0.14507,0.031857,0.012333,0.020412,-0.017656,-0.11829,-0.0012851,-0.0090564,-0.016691,0.012837,-0.059441,0.032523,0.050428,-0.015213,0.050159,0.039211,0.033272,-0.013605,-0.019537,0.016002,0.0013155,0.27273,81.56
-0.014607,0.051098,0.048053,0.02855,0.0089539,0.039898,0.028321,0.025124,-0.01693,-0.015868,-0.0092512,-0.0082004,0.054732,-0.055476,-0.010365,0.071369,0.055481,0.14668,0.032211,0.01247,0.020638,-0.017852,-0.1196,-0.0012994,-0.009157,-0.016877,0.01298,-0.060102,0.032884,0.050988,-0.015382,0.050716,0.039647,0.033642,-0.013757,-0.019755,0.01618,0.0013301,0.27576,81.145
-0.014768,0.05166,0.048581,0.028863,0.0090523,0.040336,0.028633,0.0254,-0.017116,-0.016043,-0.0093529,-0.0082905,0.055334,-0.056086,-0.010478,0.072154,0.05609,0.14829,0.032565,0.012607,0.020865,-0.018049,-0.12092,-0.0013137,-0.0092576,-0.017062,0.013122,-0.060762,0.033245,0.051549,-0.015551,0.051274,0.040083,0.034011,-0.013908,-0.019972,0.016358,0.0013447,0.27879,80.771
-0.014928,0.052221,0.049109,0.029177,0.0091507,0.040774,0.028944,0.025676,-0.017302,-0.016217,-0.0094545,-0.0083806,0.055935,-0.056695,-0.010592,0.072938,0.0567,0.1499,0.032918,0.012744,0.021092,-0.018245,-0.12223,-0.001328,-0.0093583,-0.017248,0.013265,-0.061422,0.033607,0.052109,-0.01572,0.051831,0.040518,0.034381,-0.014059,-0.020189,0.016536,0.0013593,0.28182,80.473
-0.015089,0.052783,0.049637,0.029491,0.0092491,0.041213,0.029255,0.025952,-0.017488,-0.016391,-0.0095562,-0.0084708,0.056537,-0.057305,-0.010706,0.073722,0.05731,0.15152,0.033272,0.012881,0.021319,-0.018441,-0.12354,-0.0013423,-0.0094589,-0.017433,0.013408,-0.062083,0.033968,0.052669,-0.015889,0.052388,0.040954,0.034751,-0.01421,-0.020406,0.016714,0.0013739,0.28485,80.266
-0.015249,0.053344,0.050165,0.029805,0.0093475,0.041651,0.029566,0.026229,-0.017674,-0.016566,-0.0096578,-0.0085609,0.057138,-0.057915,-0.01082,0.074507,0.057919,0.15313,0.033626,0.013018,0.021545,-0.018637,-0.12486,-0.0013565,-0.0095595,-0.017618,0.01355,-0.062743,0.034329,0.05323,-0.016058,0.052946,0.04139,0.03512,-0.014361,-0.020623,0.016891,0.0013886,0.28788,80.127
-0.01541,0.053906,0.050693,0.030118,0.0094459,0.04209,0.029878,0.026505,-0.01786,-0.01674,-0.0097595,-0.008651,0.057739,-0.058524,-0.010934,0.075291,0.058529,0.15474,0.03398,0.013155,0.021772,-0.018833,-0.12617,-0.0013708,-0.0096601,-0.017804,0.013693,-0.063404,0.034691,0.05379,-0.016227,0.053503,0.041826,0.03549,-0.014512,-0.02084,0.017069,0.0014032,0.29091,79.887
-0.01557,0.054467,0.051221,0.030432,0.0095443,0.042528,0.030189,0.026781,-0.018046,-0.016914,-0.0098612,-0.0087411,0.058341,-0.059134,-0.011048,0.076075,0.059139,0.15635,0.034334,0.013292,0.021999,-0.019029,-0.12749,-0.0013851,-0.0097608,-0.017989,0.013836,-0.064064,0.035052,0.05435,-0.016396,0.05406,0.042261,0.03586,-0.014664,-0.021057,0.017247,0.0014178,0.29394,79.681
-0.015731,0.055029,0.05175,0.030746,0.0096426,0.042967,0.0305,0.027057,-0.018232,-0.017089,-0.0099628,-0.0088312,0.058942,-0.059743,-0.011162,0.076859,0.059748,0.15796,0.034688,0.013429,0.022226,-0.019226,-0.1288,-0.0013994,-0.0098614,-0.018175,0.013978,-0.064725,0.035413,0.05491,-0.016566,0.054618,0.042697,0.03623,-0.014815,-0.021274,0.017425,0.0014324,0.29697,79.538
-0.015891,0.05559,0.052278,0.03106,0.009741,0.043405,0.030811,0.027333,-0.018418,-0.017263,-0.010064,-0.0089213,0.059544,-0.060353,-0.011276,0.077644,0.060358,0.15957,0.035042,0.013566,0.022453,-0.019422,-0.13012,-0.0014137,-0.009962,-0.01836,0.014121,-0.065385,0.035775,0.055471,-0.016735,0.055175,0.043133,0.036599,-0.014966,-0.021491,0.017603,0.001447,0.3,79.45
-0.016052,0.056152,0.052806,0.031373,0.0098394,0.043843,0.031122,0.027609,-0.018604,-0.017438,-0.010166,-0.0090114,0.060145,-0.060963,-0.01139,0.078428,0.060968,0.16119,0.035396,0.013703,0.022679,-0.019618,-0.13143,-0.0014279,-0.010063,-0.018546,0.014264,-0.066046,0.036136,0.056031,-0.016904,0.055732,0.043568,0.036969,-0.015117,-0.021708,0.01778,0.0014616,0.30303,79.365
-0.016212,0.056713,0.053334,0.031687,0.0099378,0.044282,0.031434,0.027885,-0.018791,-0.017612,-0.010268,-0.0091016,0.060747,-0.061572,-0.011504,0.079212,0.061577,0.1628,0.03575,0.013841,0.022906,-0.019814,-0.13274,-0.0014422,-0.010163,-0.018731,0.014406,-0.066706,0.036498,0.056591,-0.017073,0.05629,0.044004,0.037339,-0.015268,-0.021925,0.017958,0.0014763,0.30606,79.322
-0.016373,0.057275,0.053862,0.032001,0.010036,0.04472,0.031745,0.028161,-0.018977,-0.017786,-0.010369,-0.0091917,0.061348,-0.062182,-0.011617,0.079997,0.062187,0.16441,0.036104,0.013978,0.023133,-0.02001,-0.13406,-0.0014565,-0.010264,-0.018917,0.014549,-0.067367,0.036859,0.057152,-0.017242,0.056847,0.04444,0.037708,-0.015419,-0.022142,0.018136,0.0014909,0.30909,79.235
-0.016533,0.057837,0.05439,0.032314,0.010135,0.045159,0.032056,0.028437,-0.019163,-0.017961,-0.010471,-0.0092818,0.06195,-0.062792,-0.011731,0.080781,0.062797,0.16602,0.036458,0.014115,0.02336,-0.020207,-0.13537,-0.0014708,-0.010365,-0.019102,0.014691,-0.068027,0.03722,0.057712,-0.017411,0.057404,0.044875,0.038078,-0.015571,-0.022359,0.018314,0.0015055,0.31212,79.112
-0.016694,0.058398,0.054918,0.032628,0.010233,0.045597,0.032367,0.028713,-0.019349,-0.018135,-0.010573,-0.0093719,0.062551,-0.063401,-0.011845,0.081565,0.063406,0.16763,0.036812,0.014252,0.023587,-0.020403,-0.13669,-0.0014851,-0.010465,-0.019288,0.014834,-0.068687,0.037582,0.058272,-0.01758,0.057962,0.045311,0.038448,-0.015722,-0.022577,0.018492,0.0015201,0.31515,78.98
-0.016854,0.05896,0.055446,0.032942,0.010331,0.046036,0.032679,0.028989,-0.019535,-0.018309,-0.010674,-0.009462,0.063153,-0.064011,-0.011959,0.082349,0.064016,0.16925,0.037166,0.014389,0.023813,-0.020599,-0.138,-0.0014993,-0.010566,-0.019473,0.014977,-0.069348,0.037943,0.058833,-0.017749,0.058519,0.045747,0.038817,-0.015873,-0.022794,0.018669,0.0015347,0.31818,78.816
-0.017015,0.059521,0.055974,0.033256,0.01043,0.046474,0.03299,0.029266,-0.019721,-0.018484,-0.010776,-0.0095521,0.063754,-0.064621,-0.012073,0.083134,0.064626,0.17086,0.03752,0.014526,0.02404,-0.020795,-0.13932,-0.0015136,-0.010666,-0.019659,0.015119,-0.070008,0.038304,0.059393,-0.017918,0.059076,0.046182,0.039187,-0.016024,-0.023011,0.018847,0.0015493,0.32121,78.691
-0.017175,0.060083,0.056502,0.033569,0.010528,0.046912,0.033301,0.029542,-0.019907,-0.018658,-0.010878,-0.0096423,0.064355,-0.06523,-0.012187,0.083918,0.065236,0.17247,0.037874,0.014663,0.024267,-0.020991,-0.14063,-0.0015279,-0.010767,-0.019844,0.015262,-0.070669,0.038666,0.059953,-0.018087,0.059634,0.046618,0.039557,-0.016175,-0.023228,0.019025,0.001564,0.32424,78.631
-0.017336,0.060644,0.05703,0.033883,0.010627,0.047351,0.033612,0.029818,-0.020093,-0.018833,-0.010979,-0.0097324,0.064957,-0.06584,-0.012301,0.084702,0.065845,0.17408,0.038228,0.0148,0.024494,-0.021187,-0.14194,-0.0015422,-0.010868,-0.020029,0.015405,-0.071329,0.039027,0.060514,-0.018256,0.060191,0.047054,0.039926,-0.016327,-0.023445,0.019203,0.0015786,0.32727,78.646
-0.017496,0.061206,0.057558,0.034197,0.010725,0.047789,0.033924,0.030094,-0.020279,-0.019007,-0.011081,-0.0098225,0.065558,-0.066449,-0.012415,0.085486,0.066455,0.17569,0.038582,0.014937,0.024721,-0.021384,-0.14326,-0.0015565,-0.010968,-0.020215,0.015547,-0.07199,0.039388,0.061074,-0.018425,0.060748,0.047489,0.040296,-0.016478,-0.023662,0.019381,0.0015932,0.3303,78.618
-0.017657,0.061767,0.058086,0.034511,0.010823,0.048228,0.034235,0.03037,-0.020465,-0.019181,-0.011183,-0.0099126,0.06616,-0.067059,-0.012529,0.086271,0.067065,0.1773,0.038936,0.015074,0.024947,-0.02158,-0.14457,-0.0015707,-0.011069,-0.0204,0.01569,-0.07265,0.03975,0.061634,-0.018594,0.061306,0.047925,0.040666,-0.016629,-0.023879,0.019558,0.0016078,0.33333,78.546
-0.017817,0.062329,0.058614,0.034824,0.010922,0.048666,0.034546,0.030646,-0.020651,-0.019356,-0.011284,-0.010003,0.066761,-0.067669,-0.012643,0.087055,0.067674,0.17892,0.03929,0.015211,0.025174,-0.021776,-0.14589,-0.001585,-0.01117,-0.020586,0.015833,-0.073311,0.040111,0.062195,-0.018763,0.061863,0.048361,0.041035,-0.01678,-0.024096,0.019736,0.0016224,0.33636,78.456
-0.017978,0.06289,0.059142,0.035138,0.01102,0.049105,0.034857,0.030922,-0.020837,-0.01953,-0.011386,-0.010093,0.067363,-0.068278,-0.012756,0.087839,0.068284,0.18053,0.039644,0.015348,0.025401,-0.021972,-0.1472,-0.0015993,-0.01127,-0.020771,0.015975,-0.073971,0.040472,0.062755,-0.018932,0.06242,0.048796,0.041405,-0.016931,-0.024313,0.019914,0.001637,0.33939,78.225
-0.018138,0.063452,0.05967,0.035452,0.011119,0.049543,0.035168,0.031198,-0.021023,-0.019704,-0.011488,-0.010183,0.067964,-0.068888,-0.01287,0.088624,0.068894,0.18214,0.039998,0.015485,0.025628,-0.022168,-0.14852,-0.0016136,-0.011371,-0.020957,0.016118,-0.074632,0.040834,0.063315,-0.019101,0.062978,0.049232,0.041775,-0.017082,-0.02453,0.020092,0.0016517,0.34242,77.976
-0.018299,0.064013,0.060198,0.035766,0.011217,0.049982,0.03548,0.031474,-0.021209,-0.019879,-0.011589,-0.010273,0.068566,-0.069498,-0.012984,0.089408,0.069503,0.18375,0.040352,0.015622,0.025855,-0.022365,-0.14983,-0.0016279,-0.011471,-0.021142,0.01626,-0.075292,0.041195,0.063875,-0.01927,0.063535,0.049668,0.042145,-0.017234,-0.024747,0.02027,0.0016663,0.34545,77.778
-0.018459,0.064575,0.060726,0.036079,0.011315,0.05042,0.035791,0.03175,-0.021395,-0.020053,-0.011691,-0.010363,0.069167,-0.070107,-0.013098,0.090192,0.070113,0.18536,0.040706,0.015759,0.026081,-0.022561,-0.15114,-0.0016421,-0.011572,-0.021328,0.016403,-0.075952,0.041557,0.064436,-0.019439,0.064092,0.050103,0.042514,-0.017385,-0.024964,0.020447,0.0016809,0.34848,77.813
-0.01862,0.065136,0.061255,0.036393,0.011414,0.050858,0.036102,0.032026,-0.021581,-0.020228,-0.011793,-0.010453,0.069769,-0.070717,-0.013212,0.090976,0.070723,0.18698,0.04106,0.015896,0.026308,-0.022757,-0.15246,-0.0016564,-0.011673,-0.021513,0.016546,-0.076613,0.041918,0.064996,-0.019608,0.06465,0.050539,0.042884,-0.017536,-0.025182,0.020625,0.0016955,0.35152,78.025
-0.0191,0.064976,0.061265,0.036724,0.011241,0.050998,0.035973,0.031742,-0.021169,-0.019557,-0.012485,-0.010479,0.069929,-0.069554,-0.011834,0.090962,0.070918,0.18712,0.04154,0.016574,0.026787,-0.022741,-0.15267,-0.002219,-0.011805,-0.021378,0.016258,-0.077183,0.040961,0.06506,-0.019778,0.064723,0.050467,0.042966,-0.017026,-0.025464,0.019544,0.0015056,0.35153,78.194
-0.018609,0.065152,0.061387,0.037074,0.011178,0.050682,0.035373,0.031651,-0.021441,-0.019272,-0.011668,-0.010486,0.069406,-0.068951,-0.012388,0.091409,0.071634,0.1874,0.042485,0.017591,0.026995,-0.022908,-0.15203,-0.0025348,-0.011436,-0.021389,0.01747,-0.077697,0.04124,0.064608,-0.019779,0.064322,0.050781,0.04223,-0.016764,-0.025204,0.019762,0.001829,0.35154,78.414
-0.018119,0.065328,0.061508,0.037424,0.011114,0.050366,0.034774,0.031559,-0.021712,-0.018986,-0.010851,-0.010492,0.068882,-0.068347,-0.012943,0.091856,0.072351,0.18767,0.043429,0.018608,0.027204,-0.023076,-0.15139,-0.0028506,-0.011067,-0.021401,0.018683,-0.078211,0.041519,0.064156,-0.019779,0.063921,0.051096,0.041493,-0.016501,-0.024945,0.01998,0.0021524,0.35158,77.636
